2026-08-21 13:04:16 INFO [VALIDATION] Starting input validation...
2026-08-21 13:04:16 ERROR [VALIDATION] File not found: 'nonexistent_file_xyz.mp4'
2026-08-21 13:04:16 INFO [VALIDATION] Starting input validation...
2026-08-21 13:04:16 INFO [VALIDATION] Validation complete
2026-08-21 13:04:16 INFO [AUDIO_EXTRACTION] Extracting audio track 0...
2026-08-21 13:04:16 INFO [BACKEND_DETECTION] Detecting hardware acceleration...
2026-08-21 13:04:16 INFO [BACKEND_DETECTION] Using cpu backend with medium model
2026-08-21 13:04:16 INFO [PROFANITY_LIST] Loading profanity list...
2026-08-21 13:04:16 INFO [SUBTITLE_SCANNING] Scanning subtitles for profanity...
2026-08-21 13:04:16 INFO [TRANSCRIPTION] Starting audio transcription...
2026-08-21 13:04:16 INFO [PROFANITY_DETECTION] Scanning transcription for profanity...
2026-08-21 13:04:16 INFO [PROFANITY] Detected "damn" at 00:01.000 - 00:01.300
2026-08-21 13:04:16 INFO [AUDIO_CENSORING] Censoring 1 profane segments...
2026-08-21 13:04:16 INFO [OUTPUT_WRITING] Assembling output video...
2026-08-21 13:04:16 INFO [REPORT] Generating detection report...
2026-08-21 13:04:16 INFO [COMPLETE] Processing finished in 0.0s — 1 profane instances censored
2026-08-21 13:04:16 INFO [VALIDATION] Starting input validation...
2026-08-21 13:04:16 INFO [VALIDATION] Validation complete
2026-08-21 13:04:16 INFO [AUDIO_EXTRACTION] Extracting audio track 0...
2026-08-21 13:04:16 INFO [BACKEND_DETECTION] Detecting hardware acceleration...
2026-08-21 13:04:16 INFO [BACKEND_DETECTION] Using cpu backend with medium model
2026-08-21 13:04:16 INFO [PROFANITY_LIST] Loading profanity list...
2026-08-21 13:04:16 INFO [SUBTITLE_SCANNING] Scanning subtitles for profanity...
2026-08-21 13:04:16 INFO [TRANSCRIPTION] Starting audio transcription...
2026-08-21 13:04:16 INFO [PROFANITY_DETECTION] Scanning transcription for profanity...
2026-08-21 13:04:16 INFO [VALIDATION] Starting input validation...
2026-08-21 13:04:16 INFO [VALIDATION] Validation complete
2026-08-21 13:04:16 INFO [AUDIO_EXTRACTION] Extracting audio track 0...
2026-08-21 13:04:16 INFO [BACKEND_DETECTION] Detecting hardware acceleration...
2026-08-21 13:04:16 INFO [BACKEND_DETECTION] Using cpu backend with medium model
2026-08-21 13:04:16 INFO [PROFANITY_LIST] Loading profanity list...
2026-08-21 13:04:16 INFO [SUBTITLE_SCANNING] Scanning subtitles for profanity...
2026-08-21 13:04:16 INFO [TRANSCRIPTION] Starting audio transcription...
2026-08-21 13:04:16 INFO [PROFANITY_DETECTION] Scanning transcription for profanity...
2026-08-21 13:04:16 INFO [PROFANITY] Detected "damn" at 00:10.500 - 00:10.900
2026-08-21 13:04:16 INFO [AUDIO_CENSORING] Censoring 1 profane segments...
2026-08-21 13:04:16 INFO [OUTPUT_WRITING] Assembling output video...
2026-08-21 13:04:16 INFO [REPORT] Generating detection report...
2026-08-21 13:04:16 INFO [COMPLETE] Processing finished in 0.0s — 1 profane instances censored
2026-08-21 13:04:16 INFO [VALIDATION] Starting input validation...
2026-08-21 13:04:16 INFO [VALIDATION] Validation complete
2026-08-21 13:04:16 INFO [AUDIO_EXTRACTION] Extracting audio track 0...
2026-08-21 13:04:16 INFO [BACKEND_DETECTION] Detecting hardware acceleration...
2026-08-21 13:04:16 INFO [BACKEND_DETECTION] Using cpu backend with medium model
2026-08-21 13:04:16 INFO [PROFANITY_LIST] Loading profanity list...
2026-08-21 13:04:16 INFO [SUBTITLE_SCANNING] Scanning subtitles for profanity...
2026-08-21 13:04:16 INFO [VALIDATION] Starting input validation...
2026-08-21 13:04:16 INFO [VALIDATION] Validation complete
2026-08-21 13:04:16 INFO [AUDIO_EXTRACTION] Extracting audio track 0...
2026-08-21 13:04:16 INFO [BACKEND_DETECTION] Detecting hardware acceleration...
2026-08-21 13:04:16 INFO [BACKEND_DETECTION] Using cpu backend with medium model
2026-08-21 13:04:16 INFO [PROFANITY_LIST] Loading profanity list...
2026-08-21 13:04:16 INFO [SUBTITLE_SCANNING] Scanning subtitles for profanity...
2026-08-21 13:04:16 INFO [VALIDATION] Starting input validation...
2026-08-21 13:04:16 INFO [VALIDATION] Validation complete
2026-08-21 13:04:16 INFO [AUDIO_EXTRACTION] Extracting audio track 0...
2026-08-21 13:04:16 INFO [BACKEND_DETECTION] Detecting hardware acceleration...
2026-08-21 13:04:16 INFO [BACKEND_DETECTION] Using cpu backend with medium model
2026-08-21 13:04:16 INFO [PROFANITY_LIST] Loading profanity list...
2026-08-21 13:04:16 INFO [TRANSCRIPTION] Starting audio transcription...
2026-08-21 13:04:16 INFO [PROFANITY_DETECTION] Scanning transcription for profanity...
2026-08-21 13:04:16 INFO [VALIDATION] Starting input validation...
2026-08-21 13:04:16 INFO [VALIDATION] Validation complete
2026-08-21 13:04:16 INFO [AUDIO_EXTRACTION] Extracting audio track 0...
2026-08-21 13:04:16 INFO [BACKEND_DETECTION] Detecting hardware acceleration...
2026-08-21 13:04:16 INFO [BACKEND_DETECTION] Using cpu backend with medium model
2026-08-21 13:04:16 INFO [PROFANITY_LIST] Loading profanity list...
2026-08-21 13:04:16 INFO [SUBTITLE_SCANNING] Scanning subtitles for profanity...
2026-08-21 13:04:16 INFO [TRANSCRIPTION] Starting audio transcription...
2026-08-21 13:04:16 INFO [PROFANITY_DETECTION] Scanning transcription for profanity...
2026-08-21 13:04:16 INFO [PROFANITY] Detected "damn" at 00:01.000 - 00:01.300
2026-08-21 13:04:16 INFO [AUDIO_CENSORING] Censoring 1 profane segments...
2026-08-21 13:04:16 INFO [OUTPUT_WRITING] Assembling output video...
2026-08-21 13:04:16 INFO [REPORT] Generating detection report...
2026-08-21 13:04:16 INFO [COMPLETE] Processing finished in 0.0s — 1 profane instances censored
2026-08-21 13:04:16 INFO DirectML detection skipped (non-Windows platform).
2026-08-21 13:04:16 INFO DirectML detection skipped (non-Windows platform).
2026-08-21 13:04:16 INFO Loading Whisper 'large' model with CPU backend (faster-whisper)...
2026-08-21 13:04:16 INFO Whisper 'large' model loaded on CPU backend.
2026-08-21 13:04:16 INFO [VALIDATION] Starting input validation...
2026-08-21 13:04:16 ERROR [VALIDATION] test error
2026-08-21 13:04:17 INFO [PROFANITY] Detected "badword" at 00:00.000 - 00:00.500
2026-08-21 13:04:17 INFO [PROFANITY] Detected "nastything" at 00:01.200 - 00:01.700
2026-08-21 13:04:17 INFO [PROFANITY] Detected "onlythis" at 00:00.000 - 00:00.500
2026-08-21 13:04:17 INFO [PROFANITY] Detected "bad" at 00:01.200 - 00:01.700
2026-08-21 13:04:17 INFO [PROFANITY] Detected "DAMN" at 00:00.000 - 00:00.500
2026-08-21 13:04:17 INFO [PROFANITY] Detected "Damn" at 00:00.000 - 00:00.500
2026-08-21 13:04:17 INFO [PROFANITY] Detected "damn" at 00:00.000 - 00:00.500
2026-08-21 13:04:17 INFO [PROFANITY] Detected "hell" at 00:00.000 - 00:00.500
2026-08-21 13:04:17 INFO [PROFANITY] Detected "Hell" at 00:00.600 - 00:01.100
2026-08-21 13:04:17 INFO [PROFANITY] Detected "HELL" at 00:01.200 - 00:01.700
2026-08-21 13:04:17 INFO [PROFANITY] Detected "fucks" at 00:00.000 - 00:00.500
2026-08-21 13:04:17 INFO [PROFANITY] Detected "shitting" at 00:00.000 - 00:00.500
2026-08-21 13:04:17 INFO [PROFANITY] Detected "damning" at 00:00.000 - 00:00.500
2026-08-21 13:04:17 INFO [PROFANITY] Detected "damned" at 00:00.000 - 00:00.500
2026-08-21 13:04:17 INFO [PROFANITY] Detected "ass" at 00:00.600 - 00:01.100
2026-08-21 13:04:17 INFO [PROFANITY] Detected "bad" at 00:00.000 - 00:00.500
2026-08-21 13:04:17 INFO [PROFANITY] Detected "bad" at 00:00.000 - 00:00.500
2026-08-21 13:04:17 INFO [PROFANITY] Detected "ass" at 00:00.000 - 00:00.010
2026-08-21 13:04:17 INFO [PROFANITY] Detected "ass" at 00:00.040 - 00:00.050
2026-08-21 13:04:17 INFO [PROFANITY] Detected "twat" at 00:54.567 - 00:58.032
2026-08-21 13:04:17 INFO [PROFANITY] Detected "ass" at 00:00.020 - 00:00.030
2026-08-21 13:04:17 INFO [PROFANITY] Detected "damn" at 00:08.449 - 00:08.821
2026-08-21 13:04:17 INFO [PROFANITY] Detected "slut" at 00:09.021 - 00:14.017
2026-08-21 13:04:17 INFO [PROFANITY] Detected "ass" at 00:14.327 - 00:17.006
2026-08-21 13:04:17 INFO [PROFANITY] Detected "bollocks" at 00:17.291 - 00:22.291
2026-08-21 13:04:17 INFO [PROFANITY] Detected "ass" at 00:00.020 - 00:00.030
2026-08-21 13:04:17 INFO [PROFANITY] Detected "ass" at 00:00.040 - 00:00.050
2026-08-21 13:04:17 INFO [PROFANITY] Detected "ass" at 00:00.060 - 00:00.070
2026-08-21 13:04:17 INFO [PROFANITY] Detected "ass" at 00:00.080 - 00:00.090
2026-08-21 13:04:17 INFO [PROFANITY] Detected "motherfucker" at 00:14.073 - 00:14.523
2026-08-21 13:04:17 INFO [PROFANITY] Detected "cunt" at 00:15.035 - 00:16.045
2026-08-21 13:04:17 INFO [PROFANITY] Detected "god" at 00:16.545 - 00:21.536
2026-08-21 13:04:17 INFO [PROFANITY] Detected "bollocks" at 00:21.919 - 00:24.017
2026-08-21 13:04:17 INFO [PROFANITY] Detected "ass" at 00:00.020 - 00:00.030
2026-08-21 13:04:17 INFO [PROFANITY] Detected "nigger" at 01:27.051 - 01:32.008
2026-08-21 13:04:17 INFO [PROFANITY] Detected "ass" at 00:00.060 - 00:00.070
2026-08-21 13:04:17 INFO [PROFANITY] Detected "nigger" at 00:50.982 - 00:53.518
2026-08-21 13:04:17 INFO [PROFANITY] Detected "bastard" at 00:54.117 - 00:58.092
2026-08-21 13:04:17 INFO [PROFANITY] Detected "bollocks" at 00:58.283 - 01:02.749
2026-08-21 13:04:17 INFO [PROFANITY] Detected "damn" at 01:02.759 - 01:06.401
2026-08-21 13:04:17 INFO [PROFANITY] Detected "nigger" at 00:50.982 - 00:53.518
2026-08-21 13:04:17 INFO [PROFANITY] Detected "bastard" at 00:54.117 - 00:58.092
2026-08-21 13:04:17 INFO [PROFANITY] Detected "nigger" at 00:58.283 - 01:02.749
2026-08-21 13:04:17 INFO [PROFANITY] Detected "damn" at 01:02.759 - 01:06.401
2026-08-21 13:04:17 INFO [PROFANITY] Detected "nigger" at 00:50.982 - 00:53.518
2026-08-21 13:04:17 INFO [PROFANITY] Detected "bastard" at 00:54.117 - 00:58.092
2026-08-21 13:04:17 INFO [PROFANITY] Detected "nigger" at 00:58.283 - 01:02.749
2026-08-21 13:04:17 INFO [PROFANITY] Detected "nigger" at 00:50.982 - 00:53.518
2026-08-21 13:04:17 INFO [PROFANITY] Detected "bastard" at 00:54.117 - 00:58.092
2026-08-21 13:04:17 INFO [PROFANITY] Detected "nigger" at 00:58.283 - 01:02.749
2026-08-21 13:04:17 INFO [PROFANITY] Detected "nigger" at 00:50.982 - 00:53.518
2026-08-21 13:04:17 INFO [PROFANITY] Detected "bastard" at 00:54.117 - 00:58.092
2026-08-21 13:04:17 INFO [PROFANITY] Detected "nigger" at 00:58.283 - 01:02.749
2026-08-21 13:04:17 INFO [PROFANITY] Detected "nigger" at 00:51.670 - 00:54.206
2026-08-21 13:04:17 INFO [PROFANITY] Detected "bastard" at 00:54.805 - 00:58.780
2026-08-21 13:04:17 INFO [PROFANITY] Detected "nigger" at 00:58.971 - 01:03.437
2026-08-21 13:04:17 INFO [PROFANITY] Detected "nigger" at 00:51.670 - 00:54.206
2026-08-21 13:04:17 INFO [PROFANITY] Detected "bastard" at 00:54.737 - 00:58.713
2026-08-21 13:04:17 INFO [PROFANITY] Detected "nigger" at 00:58.903 - 01:03.370
2026-08-21 13:04:17 INFO [PROFANITY] Detected "ass" at 00:00.040 - 00:00.050
2026-08-21 13:04:17 INFO [PROFANITY] Detected "ass" at 00:00.060 - 00:00.070
2026-08-21 13:04:17 INFO [PROFANITY] Detected "god" at 00:03.892 - 00:07.113
2026-08-21 13:04:17 INFO [PROFANITY] Detected "slut" at 00:08.113 - 00:10.113
2026-08-21 13:04:17 INFO [PROFANITY] Detected "god" at 00:03.892 - 00:07.113
2026-08-21 13:04:17 INFO [PROFANITY] Detected "slut" at 00:08.113 - 00:10.113
2026-08-21 13:04:17 INFO [PROFANITY] Detected "slut" at 00:03.892 - 00:07.113
2026-08-21 13:04:17 INFO [PROFANITY] Detected "slut" at 00:08.113 - 00:10.113
2026-08-21 13:04:17 INFO [PROFANITY] Detected "slut" at 00:03.892 - 00:07.113
2026-08-21 13:04:17 INFO [PROFANITY] Detected "slut" at 00:07.623 - 00:09.623
2026-08-21 13:04:17 INFO [PROFANITY] Detected "slut" at 00:03.892 - 00:07.113
2026-08-21 13:04:17 INFO [PROFANITY] Detected "slut" at 00:07.623 - 00:09.623
2026-08-21 13:04:17 INFO [PROFANITY] Detected "ass" at 00:00.200 - 00:01.344
2026-08-21 13:04:17 INFO [PROFANITY] Detected "dick" at 00:01.623 - 00:03.844
2026-08-21 13:04:17 INFO [PROFANITY] Detected "fuck" at 00:04.063 - 00:05.986
2026-08-21 13:04:17 INFO [PROFANITY] Detected "hell" at 00:06.437 - 00:08.398
2026-08-21 13:04:17 INFO [PROFANITY] Detected "ass" at 00:00.200 - 00:01.344
2026-08-21 13:04:17 INFO [PROFANITY] Detected "dick" at 00:01.623 - 00:03.844
2026-08-21 13:04:17 INFO [PROFANITY] Detected "fuck" at 00:04.063 - 00:05.986
2026-08-21 13:04:17 INFO [PROFANITY] Detected "hell" at 00:06.437 - 00:08.398
2026-08-21 13:04:17 INFO [PROFANITY] Detected "ass" at 00:00.200 - 00:01.344
2026-08-21 13:04:17 INFO [PROFANITY] Detected "dick" at 00:01.623 - 00:03.844
2026-08-21 13:04:17 INFO [PROFANITY] Detected "hell" at 00:04.063 - 00:05.986
2026-08-21 13:04:17 INFO [PROFANITY] Detected "hell" at 00:06.437 - 00:08.398
2026-08-21 13:04:17 INFO [PROFANITY] Detected "ass" at 00:00.200 - 00:01.344
2026-08-21 13:04:17 INFO [PROFANITY] Detected "dick" at 00:01.623 - 00:03.844
2026-08-21 13:04:17 INFO [PROFANITY] Detected "hell" at 00:04.063 - 00:05.986
2026-08-21 13:04:17 INFO [PROFANITY] Detected "dick" at 00:06.437 - 00:08.398
2026-08-21 13:04:17 INFO [PROFANITY] Detected "ass" at 00:00.200 - 00:01.344
2026-08-21 13:04:17 INFO [PROFANITY] Detected "ass" at 00:01.623 - 00:03.844
2026-08-21 13:04:17 INFO [PROFANITY] Detected "hell" at 00:04.063 - 00:05.986
2026-08-21 13:04:17 INFO [PROFANITY] Detected "dick" at 00:06.437 - 00:08.398
2026-08-21 13:04:17 INFO [PROFANITY] Detected "ass" at 00:00.200 - 00:01.344
2026-08-21 13:04:17 INFO [PROFANITY] Detected "ass" at 00:01.623 - 00:03.844
2026-08-21 13:04:17 INFO [PROFANITY] Detected "hell" at 00:04.063 - 00:05.986
2026-08-21 13:04:17 INFO [PROFANITY] Detected "dick" at 00:06.437 - 00:08.398
2026-08-21 13:04:17 INFO [PROFANITY] Detected "ass" at 00:00.200 - 00:01.344
2026-08-21 13:04:17 INFO [PROFANITY] Detected "ass" at 00:01.623 - 00:03.844
2026-08-21 13:04:17 INFO [PROFANITY] Detected "hell" at 00:04.063 - 00:05.986
2026-08-21 13:04:17 INFO [PROFANITY] Detected "dick" at 00:06.437 - 00:07.036
2026-08-21 13:04:17 INFO [PROFANITY] Detected "bastard" at 00:06.292 - 00:06.964
2026-08-21 13:04:17 INFO [PROFANITY] Detected "motherfucker" at 00:07.142 - 00:08.650
2026-08-21 13:04:17 INFO [PROFANITY] Detected "bastard" at 00:06.292 - 00:06.964
2026-08-21 13:04:17 INFO [PROFANITY] Detected "motherfucker" at 00:07.142 - 00:08.650
2026-08-21 13:04:17 INFO [PROFANITY] Detected "bastard" at 00:06.292 - 00:06.964
2026-08-21 13:04:17 INFO [PROFANITY] Detected "bastard" at 00:07.142 - 00:08.650
2026-08-21 13:04:17 INFO [PROFANITY] Detected "bastard" at 00:06.292 - 00:06.964
2026-08-21 13:04:17 INFO [PROFANITY] Detected "bastard" at 00:06.292 - 00:06.964
2026-08-21 13:04:17 INFO [PROFANITY] Detected "bastard" at 00:06.292 - 00:06.964
2026-08-21 13:04:17 INFO [PROFANITY] Detected "bastard" at 00:06.292 - 00:06.964
2026-08-21 13:04:17 INFO [PROFANITY] Detected "bullshit" at 01:26.840 - 01:29.184
2026-08-21 13:04:17 INFO [PROFANITY] Detected "bastard" at 01:29.696 - 01:30.029
2026-08-21 13:04:17 INFO [PROFANITY] Detected "hell" at 01:30.584 - 01:31.584
2026-08-21 13:04:17 INFO [PROFANITY] Detected "bullshit" at 01:26.840 - 01:29.184
2026-08-21 13:04:17 INFO [PROFANITY] Detected "bastard" at 01:29.696 - 01:30.029
2026-08-21 13:04:17 INFO [PROFANITY] Detected "hell" at 01:30.584 - 01:31.584
2026-08-21 13:04:17 INFO [PROFANITY] Detected "bullshit" at 01:26.840 - 01:29.184
2026-08-21 13:04:17 INFO [PROFANITY] Detected "bastard" at 01:29.696 - 01:30.029
2026-08-21 13:04:17 INFO [PROFANITY] Detected "hell" at 01:30.584 - 01:31.584
2026-08-21 13:04:17 INFO [PROFANITY] Detected "bullshit" at 01:26.840 - 01:29.184
2026-08-21 13:04:17 INFO [PROFANITY] Detected "bastard" at 01:29.696 - 01:30.029
2026-08-21 13:04:17 INFO [PROFANITY] Detected "hell" at 01:30.584 - 01:31.584
2026-08-21 13:04:17 INFO [PROFANITY] Detected "bullshit" at 01:26.840 - 01:29.184
2026-08-21 13:04:17 INFO [PROFANITY] Detected "bastard" at 01:29.696 - 01:30.029
2026-08-21 13:04:17 INFO [PROFANITY] Detected "hell" at 01:30.584 - 01:31.584
2026-08-21 13:04:17 INFO [PROFANITY] Detected "bullshit" at 01:26.840 - 01:29.184
2026-08-21 13:04:17 INFO [PROFANITY] Detected "bastard" at 01:29.696 - 01:30.029
2026-08-21 13:04:17 INFO [PROFANITY] Detected "bullshit" at 01:26.840 - 01:29.184
2026-08-21 13:04:17 INFO [PROFANITY] Detected "bastard" at 01:29.696 - 01:30.029
2026-08-21 13:04:17 INFO [PROFANITY] Detected "shit" at 00:31.394 - 00:34.168
2026-08-21 13:04:17 INFO [PROFANITY] Detected "nigger" at 00:34.203 - 00:34.676
2026-08-21 13:04:17 INFO [PROFANITY] Detected "shit" at 00:31.394 - 00:34.168
2026-08-21 13:04:17 INFO [PROFANITY] Detected "nigger" at 00:34.203 - 00:34.676
2026-08-21 13:04:17 INFO [PROFANITY] Detected "shit" at 00:31.394 - 00:34.168
2026-08-21 13:04:17 INFO [PROFANITY] Detected "nigger" at 00:34.203 - 00:34.676
2026-08-21 13:04:17 INFO [PROFANITY] Detected "nigger" at 00:31.394 - 00:34.168
2026-08-21 13:04:17 INFO [PROFANITY] Detected "nigger" at 00:34.203 - 00:34.676
2026-08-21 13:04:17 INFO [PROFANITY] Detected "nigger" at 00:31.394 - 00:34.168
2026-08-21 13:04:17 INFO [PROFANITY] Detected "nigger" at 00:34.203 - 00:34.676
2026-08-21 13:04:17 INFO [PROFANITY] Detected "nigger" at 00:31.394 - 00:34.168
2026-08-21 13:04:17 INFO [PROFANITY] Detected "nigger" at 00:34.203 - 00:34.676
2026-08-21 13:04:17 INFO [PROFANITY] Detected "cunt" at 01:17.527 - 01:19.630
2026-08-21 13:04:17 INFO [PROFANITY] Detected "bastard" at 01:19.960 - 01:23.571
2026-08-21 13:04:17 INFO [PROFANITY] Detected "cunt" at 01:17.527 - 01:19.630
2026-08-21 13:04:17 INFO [PROFANITY] Detected "bastard" at 01:19.960 - 01:23.571
2026-08-21 13:04:17 INFO [PROFANITY] Detected "cunt" at 01:17.527 - 01:19.630
2026-08-21 13:04:17 INFO [PROFANITY] Detected "bastard" at 01:19.960 - 01:23.571
2026-08-21 13:04:17 INFO [PROFANITY] Detected "cunt" at 01:13.879 - 01:15.981
2026-08-21 13:04:17 INFO [PROFANITY] Detected "bastard" at 01:16.311 - 01:19.922
2026-08-21 13:04:17 INFO [PROFANITY] Detected "cunt" at 01:13.879 - 01:15.981
2026-08-21 13:04:17 INFO [PROFANITY] Detected "cunt" at 01:16.311 - 01:19.922
2026-08-21 13:04:17 INFO [PROFANITY] Detected "cunt" at 01:13.879 - 01:15.981
2026-08-21 13:04:17 INFO [PROFANITY] Detected "cunt" at 01:13.879 - 01:15.981
2026-08-21 13:04:17 INFO [PROFANITY] Detected "jackass" at 01:48.246 - 01:52.738
2026-08-21 13:04:17 INFO [PROFANITY] Detected "bullshit" at 01:53.087 - 01:57.615
2026-08-21 13:04:17 INFO [PROFANITY] Detected "bollocks" at 01:58.615 - 01:59.232
2026-08-21 13:04:17 INFO [PROFANITY] Detected "bastard" at 01:59.502 - 02:01.002
2026-08-21 13:04:17 INFO [PROFANITY] Detected "jackass" at 01:48.246 - 01:52.738
2026-08-21 13:04:17 INFO [PROFANITY] Detected "bullshit" at 01:53.087 - 01:57.615
2026-08-21 13:04:17 INFO [PROFANITY] Detected "bollocks" at 01:58.615 - 02:03.142
2026-08-21 13:04:17 INFO [PROFANITY] Detected "bastard" at 02:03.412 - 02:04.912
2026-08-21 13:04:17 INFO [PROFANITY] Detected "jackass" at 01:48.246 - 01:52.738
2026-08-21 13:04:17 INFO [PROFANITY] Detected "bullshit" at 01:53.087 - 01:57.615
2026-08-21 13:04:17 INFO [PROFANITY] Detected "bollocks" at 01:58.615 - 02:03.142
2026-08-21 13:04:17 INFO [PROFANITY] Detected "bullshit" at 02:03.412 - 02:04.912
2026-08-21 13:04:17 INFO [PROFANITY] Detected "jackass" at 01:48.246 - 01:52.738
2026-08-21 13:04:17 INFO [PROFANITY] Detected "bullshit" at 01:53.087 - 01:57.615
2026-08-21 13:04:17 INFO [PROFANITY] Detected "jackass" at 01:58.615 - 02:03.142
2026-08-21 13:04:17 INFO [PROFANITY] Detected "bullshit" at 02:03.412 - 02:04.912
2026-08-21 13:04:17 INFO [PROFANITY] Detected "jackass" at 01:48.246 - 01:52.738
2026-08-21 13:04:17 INFO [PROFANITY] Detected "bullshit" at 01:53.087 - 01:57.615
2026-08-21 13:04:17 INFO [PROFANITY] Detected "jackass" at 01:58.615 - 02:03.142
2026-08-21 13:04:17 INFO [PROFANITY] Detected "bullshit" at 02:03.412 - 02:04.912
2026-08-21 13:04:17 INFO [PROFANITY] Detected "jackass" at 01:48.246 - 01:52.738
2026-08-21 13:04:17 INFO [PROFANITY] Detected "bullshit" at 01:53.087 - 01:57.615
2026-08-21 13:04:17 INFO [PROFANITY] Detected "jackass" at 01:58.615 - 02:03.142
2026-08-21 13:04:17 INFO [PROFANITY] Detected "bullshit" at 02:03.412 - 02:07.940
2026-08-21 13:04:17 INFO [PROFANITY] Detected "jackass" at 01:47.346 - 01:51.838
2026-08-21 13:04:17 INFO [PROFANITY] Detected "bullshit" at 01:52.188 - 01:56.715
2026-08-21 13:04:17 INFO [PROFANITY] Detected "jackass" at 01:57.715 - 02:02.243
2026-08-21 13:04:17 INFO [PROFANITY] Detected "bullshit" at 02:02.513 - 02:07.040
2026-08-21 13:04:17 INFO [PROFANITY] Detected "god" at 00:05.698 - 00:07.099
2026-08-21 13:04:17 INFO [PROFANITY] Detected "goddamn" at 00:07.153 - 00:10.369
2026-08-21 13:04:17 INFO [PROFANITY] Detected "prick" at 00:10.439 - 00:12.699
2026-08-21 13:04:17 INFO [PROFANITY] Detected "twat" at 00:13.199 - 00:14.199
2026-08-21 13:04:17 INFO [PROFANITY] Detected "wanker" at 00:15.173 - 00:18.280
2026-08-21 13:04:17 INFO [PROFANITY] Detected "prick" at 00:05.698 - 00:07.099
2026-08-21 13:04:17 INFO [PROFANITY] Detected "goddamn" at 00:07.153 - 00:10.369
2026-08-21 13:04:17 INFO [PROFANITY] Detected "prick" at 00:10.439 - 00:12.699
2026-08-21 13:04:17 INFO [PROFANITY] Detected "twat" at 00:13.199 - 00:14.199
2026-08-21 13:04:17 INFO [PROFANITY] Detected "wanker" at 00:15.173 - 00:18.280
2026-08-21 13:04:17 INFO [PROFANITY] Detected "prick" at 00:01.637 - 00:03.038
2026-08-21 13:04:17 INFO [PROFANITY] Detected "goddamn" at 00:03.092 - 00:06.307
2026-08-21 13:04:17 INFO [PROFANITY] Detected "prick" at 00:06.378 - 00:08.638
2026-08-21 13:04:17 INFO [PROFANITY] Detected "twat" at 00:09.138 - 00:10.138
2026-08-21 13:04:17 INFO [PROFANITY] Detected "wanker" at 00:11.111 - 00:14.218
2026-08-21 13:04:17 INFO [PROFANITY] Detected "prick" at 00:01.637 - 00:03.038
2026-08-21 13:04:17 INFO [PROFANITY] Detected "goddamn" at 00:03.092 - 00:06.307
2026-08-21 13:04:17 INFO [PROFANITY] Detected "prick" at 00:06.378 - 00:08.638
2026-08-21 13:04:17 INFO [PROFANITY] Detected "twat" at 00:09.138 - 00:10.138
2026-08-21 13:04:17 INFO [PROFANITY] Detected "wanker" at 00:11.111 - 00:14.218
2026-08-21 13:04:17 INFO [PROFANITY] Detected "twat" at 00:01.637 - 00:03.038
2026-08-21 13:04:17 INFO [PROFANITY] Detected "goddamn" at 00:03.092 - 00:06.307
2026-08-21 13:04:17 INFO [PROFANITY] Detected "prick" at 00:06.378 - 00:08.638
2026-08-21 13:04:17 INFO [PROFANITY] Detected "twat" at 00:09.138 - 00:10.138
2026-08-21 13:04:17 INFO [PROFANITY] Detected "wanker" at 00:11.111 - 00:14.218
2026-08-21 13:04:17 INFO [PROFANITY] Detected "twat" at 00:01.637 - 00:03.038
2026-08-21 13:04:17 INFO [PROFANITY] Detected "goddamn" at 00:03.092 - 00:06.307
2026-08-21 13:04:17 INFO [PROFANITY] Detected "prick" at 00:06.378 - 00:08.638
2026-08-21 13:04:17 INFO [PROFANITY] Detected "twat" at 00:09.138 - 00:09.386
2026-08-21 13:04:17 INFO [PROFANITY] Detected "wanker" at 00:10.359 - 00:13.466
2026-08-21 13:04:17 INFO [PROFANITY] Detected "twat" at 00:01.637 - 00:03.038
2026-08-21 13:04:17 INFO [PROFANITY] Detected "goddamn" at 00:03.092 - 00:06.307
2026-08-21 13:04:17 INFO [PROFANITY] Detected "prick" at 00:06.378 - 00:08.638
2026-08-21 13:04:17 INFO [PROFANITY] Detected "wanker" at 00:09.138 - 00:09.386
2026-08-21 13:04:17 INFO [PROFANITY] Detected "wanker" at 00:10.359 - 00:13.466
2026-08-21 13:04:17 INFO [PROFANITY] Detected "whore" at 00:17.733 - 00:19.143
2026-08-21 13:04:17 INFO [PROFANITY] Detected "whore" at 00:17.557 - 00:18.967
2026-08-21 13:04:17 INFO [PROFANITY] Detected "whore" at 00:17.557 - 00:18.967
2026-08-21 13:04:17 INFO [PROFANITY] Detected "nigger" at 01:50.220 - 01:52.776
2026-08-21 13:04:17 INFO [PROFANITY] Detected "motherfucker" at 01:53.648 - 01:53.910
2026-08-21 13:04:17 INFO [PROFANITY] Detected "motherfucker" at 01:50.220 - 01:52.776
2026-08-21 13:04:17 INFO [PROFANITY] Detected "motherfucker" at 01:53.648 - 01:53.910
2026-08-21 13:04:17 INFO [PROFANITY] Detected "motherfucker" at 01:50.220 - 01:52.776
2026-08-21 13:04:17 INFO [PROFANITY] Detected "motherfucker" at 01:53.648 - 01:53.910
2026-08-21 13:04:17 INFO [PROFANITY] Detected "motherfucker" at 01:50.220 - 01:52.776
2026-08-21 13:04:17 INFO [PROFANITY] Detected "motherfucker" at 01:53.648 - 01:53.910
2026-08-21 13:04:17 INFO [PROFANITY] Detected "motherfucker" at 01:50.220 - 01:52.776
2026-08-21 13:04:17 INFO [PROFANITY] Detected "motherfucker" at 01:53.648 - 01:53.910
2026-08-21 13:04:17 INFO [PROFANITY] Detected "motherfucker" at 01:50.220 - 01:52.776
2026-08-21 13:04:17 INFO [PROFANITY] Detected "motherfucker" at 01:53.648 - 01:53.910
2026-08-21 13:04:17 INFO [PROFANITY] Detected "motherfucker" at 00:02.000 - 00:03.200
2026-08-21 13:04:17 INFO [PROFANITY] Detected "slut" at 00:03.489 - 00:05.659
2026-08-21 13:04:17 INFO [PROFANITY] Detected "jesus" at 00:06.296 - 00:07.296
2026-08-21 13:04:17 INFO [PROFANITY] Detected "bollocks" at 00:07.629 - 00:08.376
2026-08-21 13:04:17 INFO [PROFANITY] Detected "prick" at 00:08.558 - 00:10.422
2026-08-21 13:04:17 INFO [PROFANITY] Detected "motherfucker" at 00:02.000 - 00:03.200
2026-08-21 13:04:17 INFO [PROFANITY] Detected "slut" at 00:03.489 - 00:05.659
2026-08-21 13:04:17 INFO [PROFANITY] Detected "bollocks" at 00:06.296 - 00:07.296
2026-08-21 13:04:17 INFO [PROFANITY] Detected "bollocks" at 00:07.629 - 00:08.376
2026-08-21 13:04:17 INFO [PROFANITY] Detected "prick" at 00:08.558 - 00:10.422
2026-08-21 13:04:17 INFO [PROFANITY] Detected "motherfucker" at 00:02.000 - 00:03.200
2026-08-21 13:04:17 INFO [PROFANITY] Detected "slut" at 00:03.489 - 00:05.659
2026-08-21 13:04:17 INFO [PROFANITY] Detected "bollocks" at 00:06.296 - 00:07.296
2026-08-21 13:04:17 INFO [PROFANITY] Detected "bollocks" at 00:07.629 - 00:08.376
2026-08-21 13:04:17 INFO [PROFANITY] Detected "motherfucker" at 00:08.558 - 00:10.422
2026-08-21 13:04:17 INFO [PROFANITY] Detected "motherfucker" at 00:02.000 - 00:03.200
2026-08-21 13:04:17 INFO [PROFANITY] Detected "motherfucker" at 00:02.000 - 00:03.200
2026-08-21 13:04:17 INFO [PROFANITY] Detected "motherfucker" at 00:02.000 - 00:03.200
2026-08-21 13:04:17 INFO [PROFANITY] Detected "cunt" at 00:12.740 - 00:13.740
2026-08-21 13:04:17 INFO [PROFANITY] Detected "cunt" at 00:09.185 - 00:10.185
2026-08-21 13:04:17 INFO [PROFANITY] Detected "cunt" at 00:09.185 - 00:10.185
2026-08-21 13:04:17 INFO [PROFANITY] Detected "cunt" at 00:09.185 - 00:10.185
2026-08-21 13:04:17 INFO [PROFANITY] Detected "cunt" at 00:09.385 - 00:10.385
2026-08-21 13:04:17 INFO [PROFANITY] Detected "cunt" at 00:09.385 - 00:10.385
2026-08-21 13:04:17 INFO [PROFANITY] Detected "cock" at 00:13.488 - 00:14.787
2026-08-21 13:04:17 INFO [PROFANITY] Detected "shit" at 00:15.776 - 00:17.276
2026-08-21 13:04:17 INFO [PROFANITY] Detected "cock" at 00:13.488 - 00:14.787
2026-08-21 13:04:17 INFO [PROFANITY] Detected "cock" at 00:15.776 - 00:17.276
2026-08-21 13:04:17 INFO [PROFANITY] Detected "bollocks" at 00:07.861 - 00:12.818
2026-08-21 13:04:17 INFO [PROFANITY] Detected "cock" at 00:13.488 - 00:14.787
2026-08-21 13:04:17 INFO [PROFANITY] Detected "bollocks" at 00:07.861 - 00:12.818
2026-08-21 13:04:17 INFO [PROFANITY] Detected "cock" at 00:13.488 - 00:14.787
2026-08-21 13:04:17 INFO [PROFANITY] Detected "bollocks" at 00:08.941 - 00:13.898
2026-08-21 13:04:17 INFO [PROFANITY] Detected "cock" at 00:14.568 - 00:15.867
2026-08-21 13:04:17 INFO [PROFANITY] Detected "bollocks" at 00:09.580 - 00:14.537
2026-08-21 13:04:17 INFO [PROFANITY] Detected "cock" at 00:15.207 - 00:16.506
2026-08-21 13:04:17 INFO [PROFANITY] Detected "bollocks" at 00:09.580 - 00:14.537
2026-08-21 13:04:17 INFO [PROFANITY] Detected "cock" at 00:15.207 - 00:16.506
2026-08-21 13:04:17 INFO [PROFANITY] Detected "dick" at 00:09.550 - 00:10.522
2026-08-21 13:04:17 INFO [PROFANITY] Detected "dick" at 00:09.550 - 00:10.522
2026-08-21 13:04:17 INFO [PROFANITY] Detected "dick" at 00:09.550 - 00:10.522
2026-08-21 13:04:17 INFO [PROFANITY] Detected "asshole" at 00:04.162 - 00:09.162
2026-08-21 13:04:17 INFO [PROFANITY] Detected "asshole" at 00:56.838 - 00:57.338
2026-08-21 13:04:17 INFO [PROFANITY] Detected "prick" at 00:58.002 - 00:59.769
2026-08-21 13:04:17 INFO [PROFANITY] Detected "jesus" at 01:00.308 - 01:01.648
2026-08-21 13:04:17 INFO [PROFANITY] Detected "christ" at 01:02.648 - 01:05.792
2026-08-21 13:04:17 INFO [PROFANITY] Detected "ass" at 01:06.039 - 01:07.037
2026-08-21 13:04:17 INFO [PROFANITY] Detected "asshole" at 00:56.838 - 00:57.338
2026-08-21 13:04:17 INFO [PROFANITY] Detected "prick" at 00:58.002 - 00:59.769
2026-08-21 13:04:17 INFO [PROFANITY] Detected "asshole" at 01:00.308 - 01:01.648
2026-08-21 13:04:17 INFO [PROFANITY] Detected "christ" at 01:02.648 - 01:05.792
2026-08-21 13:04:17 INFO [PROFANITY] Detected "ass" at 01:06.039 - 01:07.037
2026-08-21 13:04:17 INFO [PROFANITY] Detected "asshole" at 00:56.838 - 00:57.338
2026-08-21 13:04:17 INFO [PROFANITY] Detected "prick" at 00:58.002 - 00:59.769
2026-08-21 13:04:17 INFO [PROFANITY] Detected "asshole" at 01:00.308 - 01:01.648
2026-08-21 13:04:17 INFO [PROFANITY] Detected "christ" at 01:02.648 - 01:05.792
2026-08-21 13:04:17 INFO [PROFANITY] Detected "ass" at 01:05.851 - 01:06.849
2026-08-21 13:04:17 INFO [PROFANITY] Detected "asshole" at 00:56.838 - 00:57.338
2026-08-21 13:04:17 INFO [PROFANITY] Detected "prick" at 00:57.348 - 00:59.115
2026-08-21 13:04:17 INFO [PROFANITY] Detected "asshole" at 00:59.654 - 01:00.994
2026-08-21 13:04:17 INFO [PROFANITY] Detected "christ" at 01:01.994 - 01:05.138
2026-08-21 13:04:17 INFO [PROFANITY] Detected "ass" at 01:05.197 - 01:06.195
2026-08-21 13:04:17 INFO [PROFANITY] Detected "asshole" at 00:56.838 - 00:57.338
2026-08-21 13:04:17 INFO [PROFANITY] Detected "prick" at 00:57.348 - 00:59.115
2026-08-21 13:04:17 INFO [PROFANITY] Detected "asshole" at 00:59.654 - 01:00.994
2026-08-21 13:04:17 INFO [PROFANITY] Detected "christ" at 01:01.994 - 01:05.138
2026-08-21 13:04:17 INFO [PROFANITY] Detected "ass" at 01:05.197 - 01:06.195
2026-08-21 13:04:17 INFO [PROFANITY] Detected "asshole" at 00:56.838 - 00:57.338
2026-08-21 13:04:17 INFO [PROFANITY] Detected "prick" at 00:57.348 - 00:59.115
2026-08-21 13:04:17 INFO [PROFANITY] Detected "asshole" at 00:56.838 - 00:57.338
2026-08-21 13:04:17 INFO [PROFANITY] Detected "asshole" at 00:57.348 - 00:59.115
2026-08-21 13:04:17 INFO [PROFANITY] Detected "hell" at 00:00.238 - 00:00.319
2026-08-21 13:04:17 INFO [PROFANITY] Detected "bitch" at 00:00.424 - 00:04.383
2026-08-21 13:04:17 INFO [PROFANITY] Detected "wanker" at 00:04.863 - 00:06.010
2026-08-21 13:04:17 INFO [PROFANITY] Detected "asshole" at 00:06.607 - 00:10.375
2026-08-21 13:04:17 INFO [PROFANITY] Detected "hell" at 00:00.238 - 00:00.319
2026-08-21 13:04:17 INFO [PROFANITY] Detected "hell" at 00:00.238 - 00:00.319
2026-08-21 13:04:17 INFO [PROFANITY] Detected "hell" at 00:00.238 - 00:00.319
2026-08-21 13:04:17 INFO [PROFANITY] Detected "hell" at 00:00.238 - 00:00.319
2026-08-21 13:04:17 INFO [PROFANITY] Detected "shit" at 00:54.105 - 00:56.105
2026-08-21 13:04:17 INFO [PROFANITY] Detected "twat" at 00:56.378 - 00:58.240
2026-08-21 13:04:17 INFO [PROFANITY] Detected "bollocks" at 00:59.229 - 01:00.239
2026-08-21 13:04:17 INFO [PROFANITY] Detected "shit" at 00:54.105 - 00:56.105
2026-08-21 13:04:17 INFO [PROFANITY] Detected "twat" at 00:56.378 - 00:58.240
2026-08-21 13:04:17 INFO [PROFANITY] Detected "bollocks" at 00:59.229 - 01:00.239
2026-08-21 13:04:17 INFO [PROFANITY] Detected "shit" at 00:54.105 - 00:56.105
2026-08-21 13:04:17 INFO [PROFANITY] Detected "twat" at 00:56.378 - 00:58.240
2026-08-21 13:04:17 INFO [PROFANITY] Detected "bollocks" at 00:59.229 - 01:00.239
2026-08-21 13:04:17 INFO [PROFANITY] Detected "shit" at 00:54.105 - 00:56.105
2026-08-21 13:04:17 INFO [PROFANITY] Detected "twat" at 00:56.378 - 00:58.240
2026-08-21 13:04:17 INFO [PROFANITY] Detected "bollocks" at 00:59.229 - 01:00.239
2026-08-21 13:04:17 INFO [PROFANITY] Detected "shit" at 00:54.105 - 00:56.105
2026-08-21 13:04:17 INFO [PROFANITY] Detected "twat" at 00:56.378 - 00:58.240
2026-08-21 13:04:17 INFO [PROFANITY] Detected "bollocks" at 00:59.229 - 01:00.239
2026-08-21 13:04:17 INFO [PROFANITY] Detected "twat" at 00:54.105 - 00:56.105
2026-08-21 13:04:17 INFO [PROFANITY] Detected "twat" at 00:56.378 - 00:58.240
2026-08-21 13:04:17 INFO [PROFANITY] Detected "bollocks" at 00:59.229 - 01:00.239
2026-08-21 13:04:17 INFO [PROFANITY] Detected "twat" at 00:54.105 - 00:56.105
2026-08-21 13:04:17 INFO [PROFANITY] Detected "asshole" at 00:18.526 - 00:21.527
2026-08-21 13:04:17 INFO [PROFANITY] Detected "shit" at 00:22.263 - 00:26.380
2026-08-21 13:04:17 INFO [PROFANITY] Detected "bastard" at 00:27.308 - 00:29.762
2026-08-21 13:04:17 INFO [PROFANITY] Detected "jesus" at 00:30.400 - 00:34.963
2026-08-21 13:04:17 INFO [PROFANITY] Detected "asshole" at 00:18.526 - 00:21.527
2026-08-21 13:04:17 INFO [PROFANITY] Detected "shit" at 00:22.263 - 00:26.380
2026-08-21 13:04:17 INFO [PROFANITY] Detected "bastard" at 00:27.308 - 00:29.762
2026-08-21 13:04:17 INFO [PROFANITY] Detected "jesus" at 00:30.400 - 00:34.963
2026-08-21 13:04:17 INFO [PROFANITY] Detected "bitch" at 00:08.496 - 00:13.369
2026-08-21 13:04:17 INFO [PROFANITY] Detected "asshole" at 00:13.582 - 00:18.424
2026-08-21 13:04:17 INFO [PROFANITY] Detected "asshole" at 00:18.526 - 00:21.527
2026-08-21 13:04:17 INFO [PROFANITY] Detected "shit" at 00:22.263 - 00:26.380
2026-08-21 13:04:17 INFO [PROFANITY] Detected "bitch" at 00:08.496 - 00:13.369
2026-08-21 13:04:17 INFO [PROFANITY] Detected "asshole" at 00:13.582 - 00:18.424
2026-08-21 13:04:17 INFO [PROFANITY] Detected "asshole" at 00:18.526 - 00:21.527
2026-08-21 13:04:17 INFO [PROFANITY] Detected "shit" at 00:22.263 - 00:26.380
2026-08-21 13:04:17 INFO [PROFANITY] Detected "bitch" at 00:08.496 - 00:13.369
2026-08-21 13:04:17 INFO [PROFANITY] Detected "shit" at 00:13.582 - 00:18.424
2026-08-21 13:04:17 INFO [PROFANITY] Detected "asshole" at 00:18.526 - 00:21.527
2026-08-21 13:04:17 INFO [PROFANITY] Detected "shit" at 00:22.263 - 00:26.380
2026-08-21 13:04:17 INFO [PROFANITY] Detected "bitch" at 00:08.496 - 00:13.369
2026-08-21 13:04:17 INFO [PROFANITY] Detected "shit" at 00:13.582 - 00:18.424
2026-08-21 13:04:17 INFO [PROFANITY] Detected "asshole" at 00:18.526 - 00:21.527
2026-08-21 13:04:17 INFO [PROFANITY] Detected "shit" at 00:22.263 - 00:26.380
2026-08-21 13:04:17 INFO [PROFANITY] Detected "bitch" at 00:08.496 - 00:13.369
2026-08-21 13:04:17 INFO [PROFANITY] Detected "shit" at 00:13.582 - 00:18.424
2026-08-21 13:04:17 INFO [PROFANITY] Detected "asshole" at 00:18.526 - 00:21.527
2026-08-21 13:04:17 INFO [PROFANITY] Detected "shit" at 00:22.263 - 00:26.380
2026-08-21 13:04:17 INFO [PROFANITY] Detected "asshole" at 00:23.145 - 00:25.538
2026-08-21 13:04:17 INFO [PROFANITY] Detected "nigger" at 00:26.021 - 00:30.631
2026-08-21 13:04:17 INFO [PROFANITY] Detected "dick" at 00:30.968 - 00:31.968
2026-08-21 13:04:17 INFO [PROFANITY] Detected "god" at 00:32.805 - 00:33.037
2026-08-21 13:04:17 INFO [PROFANITY] Detected "asshole" at 00:23.145 - 00:25.538
2026-08-21 13:04:17 INFO [PROFANITY] Detected "nigger" at 00:26.021 - 00:30.631
2026-08-21 13:04:17 INFO [PROFANITY] Detected "dick" at 00:30.968 - 00:31.968
2026-08-21 13:04:17 INFO [PROFANITY] Detected "god" at 00:32.805 - 00:33.037
2026-08-21 13:04:17 INFO [PROFANITY] Detected "asshole" at 00:20.167 - 00:20.654
2026-08-21 13:04:17 INFO [PROFANITY] Detected "asshole" at 00:20.869 - 00:22.869
2026-08-21 13:04:17 INFO [PROFANITY] Detected "asshole" at 00:23.145 - 00:25.538
2026-08-21 13:04:17 INFO [PROFANITY] Detected "nigger" at 00:26.021 - 00:30.631
2026-08-21 13:04:17 INFO [PROFANITY] Detected "asshole" at 00:20.167 - 00:20.654
2026-08-21 13:04:17 INFO [PROFANITY] Detected "asshole" at 00:20.167 - 00:20.382
2026-08-21 13:04:17 INFO [PROFANITY] Detected "asshole" at 00:00.215 - 00:00.430
2026-08-21 13:04:17 INFO [PROFANITY] Detected "goddamn" at 01:14.037 - 01:16.190
2026-08-21 13:04:17 INFO [PROFANITY] Detected "whore" at 01:16.780 - 01:17.209
2026-08-21 13:04:17 INFO [PROFANITY] Detected "shit" at 01:17.219 - 01:20.702
2026-08-21 13:04:17 INFO [PROFANITY] Detected "goddamn" at 01:14.037 - 01:16.190
2026-08-21 13:04:17 INFO [PROFANITY] Detected "whore" at 01:16.780 - 01:17.209
2026-08-21 13:04:17 INFO [PROFANITY] Detected "shit" at 01:17.219 - 01:20.702
2026-08-21 13:04:17 INFO [PROFANITY] Detected "goddamn" at 00:10.197 - 00:12.350
2026-08-21 13:04:17 INFO [PROFANITY] Detected "whore" at 00:12.940 - 00:13.369
2026-08-21 13:04:17 INFO [PROFANITY] Detected "shit" at 00:13.379 - 00:16.862
2026-08-21 13:04:17 INFO [PROFANITY] Detected "goddamn" at 00:10.197 - 00:12.350
2026-08-21 13:04:17 INFO [PROFANITY] Detected "goddamn" at 00:10.197 - 00:12.350
2026-08-21 13:04:17 INFO [PROFANITY] Detected "goddamn" at 00:08.780 - 00:10.933
2026-08-21 13:04:17 INFO [PROFANITY] Detected "jackass" at 01:37.865 - 01:38.481
2026-08-21 13:04:17 INFO [PROFANITY] Detected "jackass" at 01:37.376 - 01:37.992
2026-08-21 13:04:17 INFO [PROFANITY] Detected "jackass" at 01:37.376 - 01:37.992
2026-08-21 13:04:17 INFO [PROFANITY] Detected "jackass" at 01:37.376 - 01:37.992
2026-08-21 13:04:17 INFO [PROFANITY] Detected "jackass" at 01:37.376 - 01:37.992
2026-08-21 13:04:17 INFO [PROFANITY] Detected "jackass" at 01:37.376 - 01:37.992
2026-08-21 13:04:17 INFO [PROFANITY] Detected "jackass" at 01:37.376 - 01:37.992
2026-08-21 13:04:17 INFO [PROFANITY] Detected "bullshit" at 00:09.444 - 00:12.516
2026-08-21 13:04:17 INFO [PROFANITY] Detected "twat" at 00:12.805 - 00:15.735
2026-08-21 13:04:17 INFO [PROFANITY] Detected "bullshit" at 00:09.444 - 00:12.516
2026-08-21 13:04:17 INFO [PROFANITY] Detected "twat" at 00:12.805 - 00:15.735
2026-08-21 13:04:17 INFO [PROFANITY] Detected "bullshit" at 00:09.444 - 00:12.516
2026-08-21 13:04:17 INFO [PROFANITY] Detected "bullshit" at 00:12.805 - 00:15.735
2026-08-21 13:04:17 INFO [PROFANITY] Detected "bullshit" at 00:09.444 - 00:12.516
2026-08-21 13:04:17 INFO [PROFANITY] Detected "bullshit" at 00:09.444 - 00:12.516
2026-08-21 13:04:17 INFO [PROFANITY] Detected "bullshit" at 00:09.444 - 00:12.516
2026-08-21 13:04:17 INFO [PROFANITY] Detected "damn" at 01:10.006 - 01:12.859
2026-08-21 13:04:17 INFO [PROFANITY] Detected "christ" at 01:13.355 - 01:14.365
2026-08-21 13:04:17 INFO [PROFANITY] Detected "whore" at 01:15.237 - 01:18.904
2026-08-21 13:04:17 INFO [PROFANITY] Detected "slut" at 01:19.231 - 01:23.693
2026-08-21 13:04:17 INFO [PROFANITY] Detected "shit" at 01:24.175 - 01:25.175
2026-08-21 13:04:17 INFO [PROFANITY] Detected "damn" at 01:10.006 - 01:12.859
2026-08-21 13:04:17 INFO [PROFANITY] Detected "christ" at 01:13.355 - 01:14.365
2026-08-21 13:04:17 INFO [PROFANITY] Detected "whore" at 01:15.237 - 01:18.904
2026-08-21 13:04:17 INFO [PROFANITY] Detected "slut" at 01:19.231 - 01:23.693
2026-08-21 13:04:17 INFO [PROFANITY] Detected "shit" at 01:24.175 - 01:25.175
2026-08-21 13:04:17 INFO [PROFANITY] Detected "damn" at 01:10.006 - 01:10.883
2026-08-21 13:04:17 INFO [PROFANITY] Detected "christ" at 01:11.379 - 01:12.389
2026-08-21 13:04:17 INFO [PROFANITY] Detected "whore" at 01:13.261 - 01:16.929
2026-08-21 13:04:17 INFO [PROFANITY] Detected "slut" at 01:17.255 - 01:21.717
2026-08-21 13:04:17 INFO [PROFANITY] Detected "shit" at 01:22.199 - 01:23.199
2026-08-21 13:04:17 INFO [PROFANITY] Detected "damn" at 01:10.006 - 01:10.883
2026-08-21 13:04:17 INFO [PROFANITY] Detected "christ" at 01:11.379 - 01:12.389
2026-08-21 13:04:17 INFO [PROFANITY] Detected "whore" at 01:13.261 - 01:16.929
2026-08-21 13:04:17 INFO [PROFANITY] Detected "slut" at 01:17.255 - 01:21.717
2026-08-21 13:04:17 INFO [PROFANITY] Detected "shit" at 01:22.199 - 01:23.199
2026-08-21 13:04:17 INFO [PROFANITY] Detected "damn" at 01:10.006 - 01:10.883
2026-08-21 13:04:17 INFO [PROFANITY] Detected "christ" at 01:11.379 - 01:12.389
2026-08-21 13:04:17 INFO [PROFANITY] Detected "whore" at 01:13.261 - 01:16.929
2026-08-21 13:04:17 INFO [PROFANITY] Detected "slut" at 01:17.255 - 01:21.717
2026-08-21 13:04:17 INFO [PROFANITY] Detected "shit" at 01:22.199 - 01:23.199
2026-08-21 13:04:17 INFO [PROFANITY] Detected "damn" at 01:10.006 - 01:10.883
2026-08-21 13:04:17 INFO [PROFANITY] Detected "damn" at 01:10.006 - 01:10.883
2026-08-21 13:04:17 INFO [PROFANITY] Detected "god" at 00:07.681 - 00:12.326
2026-08-21 13:04:17 INFO [PROFANITY] Detected "cock" at 00:12.592 - 00:13.482
2026-08-21 13:04:17 INFO [PROFANITY] Detected "jesus" at 00:13.829 - 00:16.182
2026-08-21 13:04:17 INFO [PROFANITY] Detected "christ" at 00:17.132 - 00:21.493
2026-08-21 13:04:17 INFO [PROFANITY] Detected "god" at 00:07.681 - 00:12.326
2026-08-21 13:04:17 INFO [PROFANITY] Detected "cock" at 00:12.592 - 00:13.482
2026-08-21 13:04:17 INFO [PROFANITY] Detected "jesus" at 00:13.829 - 00:16.182
2026-08-21 13:04:17 INFO [PROFANITY] Detected "christ" at 00:17.132 - 00:21.493
2026-08-21 13:04:17 INFO [PROFANITY] Detected "god" at 00:07.681 - 00:12.326
2026-08-21 13:04:17 INFO [PROFANITY] Detected "god" at 00:12.592 - 00:13.482
2026-08-21 13:04:17 INFO [PROFANITY] Detected "jesus" at 00:13.829 - 00:16.182
2026-08-21 13:04:17 INFO [PROFANITY] Detected "christ" at 00:17.132 - 00:21.493
2026-08-21 13:04:17 INFO [PROFANITY] Detected "god" at 00:07.681 - 00:12.326
2026-08-21 13:04:17 INFO [PROFANITY] Detected "god" at 00:12.592 - 00:13.482
2026-08-21 13:04:17 INFO [PROFANITY] Detected "jesus" at 00:13.829 - 00:16.182
2026-08-21 13:04:17 INFO [PROFANITY] Detected "christ" at 00:17.132 - 00:21.493
2026-08-21 13:04:17 INFO [PROFANITY] Detected "god" at 00:07.681 - 00:12.326
2026-08-21 13:04:17 INFO [PROFANITY] Detected "christ" at 00:12.592 - 00:13.482
2026-08-21 13:04:17 INFO [PROFANITY] Detected "jesus" at 00:13.829 - 00:16.182
2026-08-21 13:04:17 INFO [PROFANITY] Detected "christ" at 00:17.132 - 00:21.493
2026-08-21 13:04:17 INFO [PROFANITY] Detected "god" at 00:07.681 - 00:12.326
2026-08-21 13:04:17 INFO [PROFANITY] Detected "christ" at 00:12.592 - 00:13.482
2026-08-21 13:04:17 INFO [PROFANITY] Detected "jesus" at 00:13.829 - 00:16.182
2026-08-21 13:04:17 INFO [PROFANITY] Detected "god" at 00:17.132 - 00:21.493
2026-08-21 13:04:17 INFO [PROFANITY] Detected "god" at 00:07.681 - 00:12.326
2026-08-21 13:04:17 INFO [PROFANITY] Detected "christ" at 00:12.592 - 00:13.482
2026-08-21 13:04:17 INFO [PROFANITY] Detected "jesus" at 00:13.829 - 00:16.182
2026-08-21 13:04:17 INFO [PROFANITY] Detected "god" at 00:17.132 - 00:21.493
2026-08-21 13:04:17 INFO [PROFANITY] Detected "whore" at 00:05.109 - 00:08.893
2026-08-21 13:04:17 INFO [PROFANITY] Detected "shit" at 00:09.893 - 00:10.893
2026-08-21 13:04:17 INFO [PROFANITY] Detected "ass" at 00:03.330 - 00:04.330
2026-08-21 13:04:17 INFO [PROFANITY] Detected "whore" at 00:05.109 - 00:08.893
2026-08-21 13:04:17 INFO [PROFANITY] Detected "ass" at 00:03.330 - 00:04.330
2026-08-21 13:04:17 INFO [PROFANITY] Detected "whore" at 00:05.109 - 00:08.893
2026-08-21 13:04:17 INFO [PROFANITY] Detected "ass" at 00:03.330 - 00:04.330
2026-08-21 13:04:17 INFO [PROFANITY] Detected "whore" at 00:05.109 - 00:08.893
2026-08-21 13:04:17 INFO [PROFANITY] Detected "whore" at 00:03.330 - 00:04.330
2026-08-21 13:04:17 INFO [PROFANITY] Detected "whore" at 00:05.109 - 00:08.893
2026-08-21 13:04:17 INFO [PROFANITY] Detected "whore" at 00:03.330 - 00:04.330
2026-08-21 13:04:17 INFO [PROFANITY] Detected "whore" at 00:05.109 - 00:08.893
2026-08-21 13:04:17 INFO [PROFANITY] Detected "whore" at 00:04.330 - 00:05.330
2026-08-21 13:04:17 INFO [PROFANITY] Detected "whore" at 00:06.109 - 00:09.893
2026-08-21 13:04:17 INFO [PROFANITY] Detected "fuck" at 01:32.672 - 01:33.028
2026-08-21 13:04:17 INFO [PROFANITY] Detected "whore" at 01:33.493 - 01:37.970
2026-08-21 13:04:17 INFO [PROFANITY] Detected "bollocks" at 01:38.970 - 01:41.700
2026-08-21 13:04:17 INFO [PROFANITY] Detected "bastard" at 01:41.861 - 01:42.061
2026-08-21 13:04:17 INFO [PROFANITY] Detected "fuck" at 01:42.895 - 01:47.328
2026-08-21 13:04:17 INFO [PROFANITY] Detected "fuck" at 01:32.672 - 01:33.028
2026-08-21 13:04:17 INFO [PROFANITY] Detected "whore" at 01:33.493 - 01:37.970
2026-08-21 13:04:17 INFO [PROFANITY] Detected "bollocks" at 01:38.970 - 01:41.700
2026-08-21 13:04:17 INFO [PROFANITY] Detected "bastard" at 01:41.861 - 01:42.061
2026-08-21 13:04:17 INFO [PROFANITY] Detected "fuck" at 01:42.895 - 01:47.328
2026-08-21 13:04:17 INFO [PROFANITY] Detected "fuck" at 01:32.672 - 01:33.028
2026-08-21 13:04:17 INFO [PROFANITY] Detected "whore" at 01:33.493 - 01:37.970
2026-08-21 13:04:17 INFO [PROFANITY] Detected "bollocks" at 01:38.970 - 01:41.700
2026-08-21 13:04:17 INFO [PROFANITY] Detected "bastard" at 01:41.861 - 01:42.061
2026-08-21 13:04:17 INFO [PROFANITY] Detected "fuck" at 01:42.895 - 01:47.328
2026-08-21 13:04:17 INFO [PROFANITY] Detected "fuck" at 01:32.672 - 01:33.028
2026-08-21 13:04:17 INFO [PROFANITY] Detected "whore" at 01:33.493 - 01:37.970
2026-08-21 13:04:17 INFO [PROFANITY] Detected "bollocks" at 01:37.980 - 01:40.710
2026-08-21 13:04:17 INFO [PROFANITY] Detected "bastard" at 01:40.871 - 01:41.071
2026-08-21 13:04:17 INFO [PROFANITY] Detected "fuck" at 01:41.905 - 01:46.338
2026-08-21 13:04:17 INFO [PROFANITY] Detected "fuck" at 01:32.672 - 01:33.028
2026-08-21 13:04:17 INFO [PROFANITY] Detected "whore" at 01:33.493 - 01:37.970
2026-08-21 13:04:17 INFO [PROFANITY] Detected "bollocks" at 01:37.980 - 01:40.710
2026-08-21 13:04:17 INFO [PROFANITY] Detected "bastard" at 01:40.871 - 01:41.071
2026-08-21 13:04:17 INFO [PROFANITY] Detected "fuck" at 01:41.905 - 01:46.338
2026-08-21 13:04:17 INFO [PROFANITY] Detected "fuck" at 01:32.672 - 01:33.028
2026-08-21 13:04:17 INFO [PROFANITY] Detected "whore" at 01:33.493 - 01:37.970
2026-08-21 13:04:17 INFO [PROFANITY] Detected "bollocks" at 01:37.980 - 01:40.710
2026-08-21 13:04:17 INFO [PROFANITY] Detected "bastard" at 01:40.871 - 01:41.071
2026-08-21 13:04:17 INFO [PROFANITY] Detected "fuck" at 01:41.905 - 01:46.338
2026-08-21 13:04:17 INFO [PROFANITY] Detected "fuck" at 01:32.672 - 01:33.028
2026-08-21 13:04:17 INFO [PROFANITY] Detected "whore" at 01:33.493 - 01:37.970
2026-08-21 13:04:17 INFO [PROFANITY] Detected "bollocks" at 01:37.980 - 01:40.710
2026-08-21 13:04:17 INFO [PROFANITY] Detected "bastard" at 01:40.871 - 01:41.071
2026-08-21 13:04:17 INFO [PROFANITY] Detected "fuck" at 01:41.905 - 01:46.338
2026-08-21 13:04:17 INFO [PROFANITY] Detected "god" at 01:32.373 - 01:37.373
2026-08-21 13:04:17 INFO [PROFANITY] Detected "god" at 01:32.373 - 01:37.373
2026-08-21 13:04:17 INFO [PROFANITY] Detected "god" at 01:32.373 - 01:37.373
2026-08-21 13:04:17 INFO [PROFANITY] Detected "god" at 00:01.746 - 00:06.746
2026-08-21 13:04:17 INFO [PROFANITY] Detected "god" at 00:01.746 - 00:06.746
2026-08-21 13:04:17 INFO [PROFANITY] Detected "god" at 00:01.746 - 00:06.746
2026-08-21 13:04:17 INFO [PROFANITY] Detected "god" at 00:01.746 - 00:06.746
2026-08-21 13:04:17 INFO [PROFANITY] Detected "asshole" at 00:50.000 - 00:53.868
2026-08-21 13:04:17 INFO [PROFANITY] Detected "cunt" at 00:54.868 - 00:56.768
2026-08-21 13:04:17 INFO [PROFANITY] Detected "jesus" at 00:57.768 - 01:01.173
2026-08-21 13:04:17 INFO [PROFANITY] Detected "fuck" at 01:01.299 - 01:04.472
2026-08-21 13:04:17 INFO [PROFANITY] Detected "fuck" at 01:04.996 - 01:05.006
2026-08-21 13:04:17 INFO [PROFANITY] Detected "asshole" at 00:50.000 - 00:53.868
2026-08-21 13:04:17 INFO [PROFANITY] Detected "cunt" at 00:54.868 - 00:56.768
2026-08-21 13:04:17 INFO [PROFANITY] Detected "jesus" at 00:57.768 - 01:01.173
2026-08-21 13:04:17 INFO [PROFANITY] Detected "fuck" at 01:01.299 - 01:04.472
2026-08-21 13:04:17 INFO [PROFANITY] Detected "fuck" at 01:04.482 - 01:04.492
2026-08-21 13:04:17 INFO [PROFANITY] Detected "asshole" at 00:50.000 - 00:53.868
2026-08-21 13:04:17 INFO [PROFANITY] Detected "cunt" at 00:54.868 - 00:56.768
2026-08-21 13:04:17 INFO [PROFANITY] Detected "jesus" at 00:57.768 - 01:01.173
2026-08-21 13:04:17 INFO [PROFANITY] Detected "fuck" at 01:01.299 - 01:04.472
2026-08-21 13:04:17 INFO [PROFANITY] Detected "cunt" at 01:04.482 - 01:04.492
2026-08-21 13:04:17 INFO [PROFANITY] Detected "asshole" at 00:50.000 - 00:53.868
2026-08-21 13:04:17 INFO [PROFANITY] Detected "cunt" at 00:54.868 - 00:56.768
2026-08-21 13:04:17 INFO [PROFANITY] Detected "jesus" at 00:57.768 - 00:58.768
2026-08-21 13:04:17 INFO [PROFANITY] Detected "fuck" at 00:58.893 - 01:02.066
2026-08-21 13:04:17 INFO [PROFANITY] Detected "cunt" at 01:02.076 - 01:02.086
2026-08-21 13:04:17 INFO [PROFANITY] Detected "asshole" at 00:50.000 - 00:53.868
2026-08-21 13:04:17 INFO [PROFANITY] Detected "cunt" at 00:54.868 - 00:56.768
2026-08-21 13:04:17 INFO [PROFANITY] Detected "jesus" at 00:57.768 - 00:58.768
2026-08-21 13:04:17 INFO [PROFANITY] Detected "fuck" at 00:58.893 - 01:02.066
2026-08-21 13:04:17 INFO [PROFANITY] Detected "jesus" at 01:02.076 - 01:02.086
2026-08-21 13:04:17 INFO [PROFANITY] Detected "asshole" at 00:50.000 - 00:53.868
2026-08-21 13:04:17 INFO [PROFANITY] Detected "cunt" at 00:54.868 - 00:56.768
2026-08-21 13:04:17 INFO [PROFANITY] Detected "asshole" at 00:57.768 - 00:58.768
2026-08-21 13:04:17 INFO [PROFANITY] Detected "fuck" at 00:58.893 - 01:02.066
2026-08-21 13:04:17 INFO [PROFANITY] Detected "jesus" at 01:02.076 - 01:02.086
2026-08-21 13:04:17 INFO [PROFANITY] Detected "asshole" at 00:50.000 - 00:53.868
2026-08-21 13:04:17 INFO [PROFANITY] Detected "cunt" at 00:54.868 - 00:56.768
2026-08-21 13:04:17 INFO [PROFANITY] Detected "asshole" at 00:57.768 - 00:58.768
2026-08-21 13:04:17 INFO [PROFANITY] Detected "fuck" at 00:58.893 - 01:02.066
2026-08-21 13:04:17 INFO [PROFANITY] Detected "jesus" at 01:02.076 - 01:02.086
2026-08-21 13:04:17 INFO [PROFANITY] Detected "nigger" at 01:34.979 - 01:34.989
2026-08-21 13:04:17 INFO [PROFANITY] Detected "shit" at 01:34.999 - 01:35.009
2026-08-21 13:04:17 INFO [PROFANITY] Detected "nigger" at 01:34.831 - 01:34.841
2026-08-21 13:04:17 INFO [PROFANITY] Detected "shit" at 01:34.851 - 01:34.861
2026-08-21 13:04:17 INFO [PROFANITY] Detected "nigger" at 01:34.831 - 01:34.841
2026-08-21 13:04:17 INFO [PROFANITY] Detected "nigger" at 01:34.851 - 01:34.861
2026-08-21 13:04:17 INFO [PROFANITY] Detected "nigger" at 01:34.831 - 01:34.841
2026-08-21 13:04:17 INFO [PROFANITY] Detected "nigger" at 01:34.851 - 01:34.861
2026-08-21 13:04:17 INFO [PROFANITY] Detected "ass" at 00:00.000 - 00:00.010
2026-08-21 13:04:17 INFO [PROFANITY] Detected "ass" at 00:00.040 - 00:00.050
2026-08-21 13:04:17 INFO [PROFANITY] Detected "ass" at 00:49.907 - 00:51.814
2026-08-21 13:04:17 INFO [PROFANITY] Detected "hell" at 00:52.027 - 00:54.727
2026-08-21 13:04:17 INFO [PROFANITY] Detected "damn" at 00:55.378 - 00:55.863
2026-08-21 13:04:17 INFO [PROFANITY] Detected "cunt" at 00:56.216 - 00:58.416
2026-08-21 13:04:17 INFO [PROFANITY] Detected "ass" at 00:00.040 - 00:00.050
2026-08-21 13:04:17 INFO [PROFANITY] Detected "ass" at 00:00.060 - 00:00.070
2026-08-21 13:04:17 INFO [PROFANITY] Detected "ass" at 00:00.080 - 00:00.090
2026-08-21 13:04:17 INFO [PROFANITY] Detected "ass" at 00:00.100 - 00:00.110
2026-08-21 13:04:17 INFO [PROFANITY] Detected "christ" at 00:38.649 - 00:39.716
2026-08-21 13:04:17 INFO [PROFANITY] Detected "bollocks" at 00:39.916 - 00:41.961
2026-08-21 13:04:17 INFO [PROFANITY] Detected "shit" at 00:42.905 - 00:42.915
2026-08-21 13:04:17 INFO [PROFANITY] Detected "motherfucker" at 00:43.701 - 00:45.701
2026-08-21 13:04:17 INFO [PROFANITY] Detected "ass" at 00:00.060 - 00:00.070
2026-08-21 13:04:17 INFO [PROFANITY] Detected "bullshit" at 00:30.602 - 00:34.110
2026-08-21 13:04:17 INFO [PROFANITY] Detected "christ" at 00:34.310 - 00:36.660
2026-08-21 13:04:17 INFO [PROFANITY] Detected "ass" at 00:00.020 - 00:00.030
2026-08-21 13:04:17 INFO [PROFANITY] Detected "christ" at 00:05.760 - 00:06.860
2026-08-21 13:04:17 INFO [PROFANITY] Detected "shit" at 00:07.672 - 00:09.672
2026-08-21 13:04:17 INFO [PROFANITY] Detected "ass" at 00:00.020 - 00:00.030
2026-08-21 13:04:17 INFO [PROFANITY] Detected "ass" at 00:00.040 - 00:00.050
2026-08-21 13:04:17 INFO [PROFANITY] Detected "ass" at 00:00.060 - 00:00.070
2026-08-21 13:04:17 INFO [PROFANITY] Detected "ass" at 00:00.080 - 00:00.090
2026-08-21 13:04:17 INFO [PROFANITY] Detected "ass" at 00:00.100 - 00:00.110
2026-08-21 13:04:17 INFO [PROFANITY] Detected "god" at 00:46.815 - 00:51.497
2026-08-21 13:04:17 INFO [PROFANITY] Detected "hell" at 00:51.517 - 00:53.293
2026-08-21 13:04:17 INFO [PROFANITY] Detected "bullshit" at 00:53.971 - 00:57.971
2026-08-21 13:04:17 INFO [PROFANITY] Detected "bitch" at 00:58.510 - 01:02.005
2026-08-21 13:04:17 INFO [PROFANITY] Detected "bastard" at 01:02.250 - 01:05.905
2026-08-21 13:04:17 INFO [PROFANITY] Detected "god" at 00:46.815 - 00:51.497
2026-08-21 13:04:17 INFO [PROFANITY] Detected "hell" at 00:51.517 - 00:53.293
2026-08-21 13:04:17 INFO [PROFANITY] Detected "bullshit" at 00:53.971 - 00:57.971
2026-08-21 13:04:17 INFO [PROFANITY] Detected "bitch" at 00:58.510 - 01:02.005
2026-08-21 13:04:17 INFO [PROFANITY] Detected "bastard" at 01:02.250 - 01:05.905
2026-08-21 13:04:17 INFO [PROFANITY] Detected "god" at 00:46.815 - 00:51.497
2026-08-21 13:04:17 INFO [PROFANITY] Detected "hell" at 00:51.517 - 00:53.293
2026-08-21 13:04:17 INFO [PROFANITY] Detected "bullshit" at 00:53.971 - 00:57.971
2026-08-21 13:04:17 INFO [PROFANITY] Detected "bitch" at 00:58.510 - 01:02.005
2026-08-21 13:04:17 INFO [PROFANITY] Detected "bastard" at 01:02.250 - 01:05.905
2026-08-21 13:04:17 INFO [PROFANITY] Detected "god" at 00:46.815 - 00:51.497
2026-08-21 13:04:17 INFO [PROFANITY] Detected "hell" at 00:51.517 - 00:53.293
2026-08-21 13:04:17 INFO [PROFANITY] Detected "bullshit" at 00:53.971 - 00:57.971
2026-08-21 13:04:17 INFO [PROFANITY] Detected "bitch" at 00:58.510 - 01:02.005
2026-08-21 13:04:17 INFO [PROFANITY] Detected "bastard" at 01:02.250 - 01:05.905
2026-08-21 13:04:17 INFO [PROFANITY] Detected "god" at 00:46.815 - 00:51.497
2026-08-21 13:04:17 INFO [PROFANITY] Detected "hell" at 00:51.517 - 00:53.293
2026-08-21 13:04:17 INFO [PROFANITY] Detected "bullshit" at 00:53.971 - 00:57.971
2026-08-21 13:04:17 INFO [PROFANITY] Detected "bitch" at 00:58.510 - 01:02.005
2026-08-21 13:04:17 INFO [PROFANITY] Detected "bastard" at 01:02.250 - 01:05.905
2026-08-21 13:04:17 INFO [PROFANITY] Detected "god" at 00:02.216 - 00:06.898
2026-08-21 13:04:17 INFO [PROFANITY] Detected "hell" at 00:06.918 - 00:08.695
2026-08-21 13:04:17 INFO [PROFANITY] Detected "bullshit" at 00:09.373 - 00:13.373
2026-08-21 13:04:17 INFO [PROFANITY] Detected "bitch" at 00:13.911 - 00:17.407
2026-08-21 13:04:17 INFO [PROFANITY] Detected "bastard" at 00:17.652 - 00:21.306
2026-08-21 13:04:17 INFO [PROFANITY] Detected "ass" at 00:00.020 - 00:00.030
2026-08-21 13:04:17 INFO [PROFANITY] Detected "ass" at 00:00.040 - 00:00.050
2026-08-21 13:04:17 INFO [PROFANITY] Detected "ass" at 00:00.060 - 00:00.070
2026-08-21 13:04:17 INFO [PROFANITY] Detected "ass" at 00:00.080 - 00:00.090
2026-08-21 13:04:17 INFO [PROFANITY] Detected "goddamn" at 00:03.737 - 00:06.995
2026-08-21 13:04:17 INFO [PROFANITY] Detected "whore" at 00:07.210 - 00:10.062
2026-08-21 13:04:17 INFO [PROFANITY] Detected "christ" at 00:10.559 - 00:12.380
2026-08-21 13:04:17 INFO [PROFANITY] Detected "ass" at 00:12.570 - 00:12.580
2026-08-21 13:04:17 INFO [PROFANITY] Detected "goddamn" at 00:03.737 - 00:06.995
2026-08-21 13:04:17 INFO [PROFANITY] Detected "whore" at 00:07.210 - 00:10.062
2026-08-21 13:04:17 INFO [PROFANITY] Detected "christ" at 00:10.559 - 00:12.380
2026-08-21 13:04:17 INFO [PROFANITY] Detected "whore" at 00:12.570 - 00:12.580
2026-08-21 13:04:17 INFO [PROFANITY] Detected "goddamn" at 00:02.752 - 00:06.010
2026-08-21 13:04:17 INFO [PROFANITY] Detected "whore" at 00:06.225 - 00:09.077
2026-08-21 13:04:17 INFO [PROFANITY] Detected "christ" at 00:09.574 - 00:11.395
2026-08-21 13:04:17 INFO [PROFANITY] Detected "whore" at 00:11.585 - 00:11.595
2026-08-21 13:04:17 INFO [PROFANITY] Detected "goddamn" at 00:02.752 - 00:06.010
2026-08-21 13:04:17 INFO [PROFANITY] Detected "whore" at 00:06.225 - 00:09.077
2026-08-21 13:04:17 INFO [PROFANITY] Detected "christ" at 00:09.574 - 00:11.395
2026-08-21 13:04:17 INFO [PROFANITY] Detected "whore" at 00:11.585 - 00:11.595
2026-08-21 13:04:17 INFO [PROFANITY] Detected "goddamn" at 00:02.752 - 00:06.010
2026-08-21 13:04:17 INFO [PROFANITY] Detected "whore" at 00:06.225 - 00:09.077
2026-08-21 13:04:17 INFO [PROFANITY] Detected "christ" at 00:09.574 - 00:11.395
2026-08-21 13:04:17 INFO [PROFANITY] Detected "whore" at 00:11.585 - 00:11.595
2026-08-21 13:04:17 INFO [PROFANITY] Detected "goddamn" at 00:02.752 - 00:06.010
2026-08-21 13:04:17 INFO [PROFANITY] Detected "whore" at 00:06.225 - 00:09.077
2026-08-21 13:04:17 INFO [PROFANITY] Detected "goddamn" at 00:09.574 - 00:11.395
2026-08-21 13:04:17 INFO [PROFANITY] Detected "whore" at 00:11.585 - 00:11.595
2026-08-21 13:04:17 INFO [PROFANITY] Detected "bastard" at 01:44.218 - 01:44.251
2026-08-21 13:04:17 INFO [PROFANITY] Detected "asshole" at 01:44.382 - 01:46.382
2026-08-21 13:04:17 INFO [PROFANITY] Detected "prick" at 01:46.703 - 01:48.703
2026-08-21 13:04:17 INFO [PROFANITY] Detected "bastard" at 01:44.218 - 01:44.251
2026-08-21 13:04:17 INFO [PROFANITY] Detected "prick" at 01:44.382 - 01:46.382
2026-08-21 13:04:17 INFO [PROFANITY] Detected "prick" at 01:46.703 - 01:48.703
2026-08-21 13:04:17 INFO [PROFANITY] Detected "bastard" at 01:44.218 - 01:44.251
2026-08-21 13:04:17 INFO [PROFANITY] Detected "prick" at 01:44.382 - 01:46.382
2026-08-21 13:04:17 INFO [PROFANITY] Detected "prick" at 01:46.703 - 01:48.703
2026-08-21 13:04:17 INFO [PROFANITY] Detected "bastard" at 01:41.030 - 01:41.063
2026-08-21 13:04:17 INFO [PROFANITY] Detected "prick" at 01:41.194 - 01:43.194
2026-08-21 13:04:17 INFO [PROFANITY] Detected "prick" at 01:43.515 - 01:45.515
2026-08-21 13:04:17 INFO [PROFANITY] Detected "bastard" at 01:41.030 - 01:41.063
2026-08-21 13:04:17 INFO [PROFANITY] Detected "prick" at 01:41.194 - 01:43.194
2026-08-21 13:04:17 INFO [PROFANITY] Detected "prick" at 01:43.515 - 01:45.515
2026-08-21 13:04:17 INFO [PROFANITY] Detected "bastard" at 01:40.598 - 01:40.631
2026-08-21 13:04:17 INFO [PROFANITY] Detected "prick" at 01:40.763 - 01:42.763
2026-08-21 13:04:17 INFO [PROFANITY] Detected "prick" at 01:43.083 - 01:45.083
2026-08-21 13:04:17 INFO [PROFANITY] Detected "bastard" at 01:40.598 - 01:40.631
2026-08-21 13:04:17 INFO [PROFANITY] Detected "prick" at 01:40.763 - 01:42.763
2026-08-21 13:04:17 INFO [PROFANITY] Detected "prick" at 01:43.083 - 01:45.083
2026-08-21 13:04:17 INFO [PROFANITY] Detected "jesus" at 01:07.694 - 01:08.194
2026-08-21 13:04:17 INFO [PROFANITY] Detected "jesus" at 01:08.742 - 01:09.351
2026-08-21 13:04:17 INFO [PROFANITY] Detected "jesus" at 01:07.694 - 01:08.194
2026-08-21 13:04:17 INFO [PROFANITY] Detected "jesus" at 01:08.742 - 01:09.351
2026-08-21 13:04:17 INFO [PROFANITY] Detected "jesus" at 01:07.694 - 01:08.194
2026-08-21 13:04:17 INFO [PROFANITY] Detected "jesus" at 01:08.742 - 01:09.351
2026-08-21 13:04:17 INFO [PROFANITY] Detected "jesus" at 01:07.694 - 01:08.194
2026-08-21 13:04:17 INFO [PROFANITY] Detected "jesus" at 01:07.694 - 01:08.194
2026-08-21 13:04:17 INFO [PROFANITY] Detected "asshole" at 00:10.646 - 00:15.033
2026-08-21 13:04:17 INFO [PROFANITY] Detected "cunt" at 00:15.994 - 00:19.567
2026-08-21 13:04:17 INFO [PROFANITY] Detected "asshole" at 00:00.713 - 00:05.100
2026-08-21 13:04:17 INFO [PROFANITY] Detected "cunt" at 00:06.061 - 00:09.633
2026-08-21 13:04:17 INFO [PROFANITY] Detected "cunt" at 00:00.713 - 00:05.100
2026-08-21 13:04:17 INFO [PROFANITY] Detected "cunt" at 00:06.061 - 00:09.633
2026-08-21 13:04:17 INFO [PROFANITY] Detected "cunt" at 00:00.961 - 00:05.348
2026-08-21 13:04:17 INFO [PROFANITY] Detected "cunt" at 00:06.309 - 00:09.882
2026-08-21 13:04:17 INFO [PROFANITY] Detected "cunt" at 00:00.961 - 00:05.348
2026-08-21 13:04:17 INFO [PROFANITY] Detected "cunt" at 00:06.309 - 00:07.029
2026-08-21 13:04:17 INFO [PROFANITY] Detected "cunt" at 00:00.961 - 00:05.348
2026-08-21 13:04:17 INFO [PROFANITY] Detected "cunt" at 00:06.309 - 00:10.697
2026-08-21 13:04:17 INFO [PROFANITY] Detected "bullshit" at 01:17.139 - 01:21.855
2026-08-21 13:04:17 INFO [PROFANITY] Detected "jesus" at 01:22.740 - 01:22.821
2026-08-21 13:04:17 INFO [PROFANITY] Detected "bullshit" at 01:18.071 - 01:22.788
2026-08-21 13:04:17 INFO [PROFANITY] Detected "jesus" at 01:23.672 - 01:23.754
2026-08-21 13:04:17 INFO [PROFANITY] Detected "bullshit" at 01:18.071 - 01:22.788
2026-08-21 13:04:17 INFO [PROFANITY] Detected "bullshit" at 00:06.926 - 00:11.642
2026-08-21 13:04:17 INFO [PROFANITY] Detected "bollocks" at 00:02.311 - 00:04.562
2026-08-21 13:04:17 INFO [PROFANITY] Detected "bollocks" at 00:02.311 - 00:04.562
2026-08-21 13:04:17 INFO [PROFANITY] Detected "fuck" at 00:27.396 - 00:28.621
2026-08-21 13:04:17 INFO [PROFANITY] Detected "motherfucker" at 00:28.741 - 00:30.741
2026-08-21 13:04:17 INFO [PROFANITY] Detected "twat" at 00:31.741 - 00:36.044
2026-08-21 13:04:17 INFO [PROFANITY] Detected "slut" at 00:36.544 - 00:39.257
2026-08-21 13:04:17 INFO [PROFANITY] Detected "fuck" at 00:27.396 - 00:28.621
2026-08-21 13:04:17 INFO [PROFANITY] Detected "motherfucker" at 00:28.741 - 00:30.741
2026-08-21 13:04:17 INFO [PROFANITY] Detected "twat" at 00:31.741 - 00:36.044
2026-08-21 13:04:17 INFO [PROFANITY] Detected "slut" at 00:36.544 - 00:39.257
2026-08-21 13:04:17 INFO [PROFANITY] Detected "fuck" at 00:27.396 - 00:28.621
2026-08-21 13:04:17 INFO [PROFANITY] Detected "fuck" at 00:27.396 - 00:28.621
2026-08-21 13:04:17 INFO [PROFANITY] Detected "fuck" at 00:27.396 - 00:27.516
2026-08-21 13:04:17 INFO [PROFANITY] Detected "god" at 01:32.948 - 01:35.517
2026-08-21 13:04:17 INFO [PROFANITY] Detected "prick" at 01:36.494 - 01:41.086
2026-08-21 13:04:17 INFO [PROFANITY] Detected "dick" at 01:41.971 - 01:44.515
2026-08-21 13:04:17 INFO [PROFANITY] Detected "hell" at 01:44.842 - 01:49.059
2026-08-21 13:04:17 INFO [PROFANITY] Detected "god" at 01:32.948 - 01:35.517
2026-08-21 13:04:17 INFO [PROFANITY] Detected "prick" at 01:36.494 - 01:41.086
2026-08-21 13:04:17 INFO [PROFANITY] Detected "dick" at 01:41.971 - 01:44.515
2026-08-21 13:04:17 INFO [PROFANITY] Detected "hell" at 01:44.842 - 01:49.059
2026-08-21 13:04:17 INFO [PROFANITY] Detected "bastard" at 01:31.445 - 01:32.545
2026-08-21 13:04:17 INFO [PROFANITY] Detected "god" at 01:32.948 - 01:35.517
2026-08-21 13:04:17 INFO [PROFANITY] Detected "prick" at 01:36.494 - 01:41.086
2026-08-21 13:04:17 INFO [PROFANITY] Detected "dick" at 01:41.971 - 01:44.515
2026-08-21 13:04:17 INFO [PROFANITY] Detected "bastard" at 01:31.445 - 01:32.545
2026-08-21 13:04:17 INFO [PROFANITY] Detected "god" at 01:32.948 - 01:35.517
2026-08-21 13:04:17 INFO [PROFANITY] Detected "prick" at 01:36.494 - 01:41.086
2026-08-21 13:04:17 INFO [PROFANITY] Detected "dick" at 01:41.971 - 01:44.515
2026-08-21 13:04:17 INFO [PROFANITY] Detected "dick" at 01:31.445 - 01:32.545
2026-08-21 13:04:17 INFO [PROFANITY] Detected "god" at 01:32.948 - 01:35.517
2026-08-21 13:04:17 INFO [PROFANITY] Detected "prick" at 01:36.494 - 01:41.086
2026-08-21 13:04:17 INFO [PROFANITY] Detected "dick" at 01:41.971 - 01:44.515
2026-08-21 13:04:17 INFO [PROFANITY] Detected "dick" at 01:31.445 - 01:32.545
2026-08-21 13:04:17 INFO [PROFANITY] Detected "dick" at 01:32.948 - 01:35.517
2026-08-21 13:04:17 INFO [PROFANITY] Detected "prick" at 01:36.494 - 01:41.086
2026-08-21 13:04:17 INFO [PROFANITY] Detected "dick" at 01:41.971 - 01:44.515
2026-08-21 13:04:17 INFO [PROFANITY] Detected "dick" at 01:31.445 - 01:32.545
2026-08-21 13:04:17 INFO [PROFANITY] Detected "dick" at 01:32.555 - 01:35.123
2026-08-21 13:04:17 INFO [PROFANITY] Detected "prick" at 01:36.101 - 01:40.692
2026-08-21 13:04:17 INFO [PROFANITY] Detected "dick" at 01:41.578 - 01:44.121
2026-08-21 13:04:17 INFO [PROFANITY] Detected "wanker" at 00:20.828 - 00:22.828
2026-08-21 13:04:17 INFO [PROFANITY] Detected "slut" at 00:22.947 - 00:27.947
2026-08-21 13:04:17 INFO [PROFANITY] Detected "wanker" at 00:02.000 - 00:04.000
2026-08-21 13:04:17 INFO [PROFANITY] Detected "slut" at 00:04.120 - 00:09.120
2026-08-21 13:04:17 INFO [PROFANITY] Detected "wanker" at 00:02.000 - 00:04.000
2026-08-21 13:04:17 INFO [PROFANITY] Detected "wanker" at 00:02.000 - 00:04.000
2026-08-21 13:04:17 INFO [PROFANITY] Detected "wanker" at 00:02.000 - 00:02.958
2026-08-21 13:04:17 INFO [PROFANITY] Detected "fuck" at 00:04.749 - 00:06.193
2026-08-21 13:04:17 INFO [PROFANITY] Detected "nigger" at 00:06.953 - 00:07.947
2026-08-21 13:04:17 INFO [PROFANITY] Detected "fuck" at 00:08.372 - 00:12.500
2026-08-21 13:04:17 INFO [PROFANITY] Detected "shit" at 00:13.470 - 00:14.654
2026-08-21 13:04:17 INFO [PROFANITY] Detected "fuck" at 00:04.749 - 00:06.193
2026-08-21 13:04:17 INFO [PROFANITY] Detected "nigger" at 00:06.953 - 00:07.947
2026-08-21 13:04:17 INFO [PROFANITY] Detected "fuck" at 00:08.372 - 00:12.500
2026-08-21 13:04:17 INFO [PROFANITY] Detected "shit" at 00:13.470 - 00:14.654
2026-08-21 13:04:17 INFO [PROFANITY] Detected "fuck" at 00:04.749 - 00:06.193
2026-08-21 13:04:17 INFO [PROFANITY] Detected "nigger" at 00:06.953 - 00:07.947
2026-08-21 13:04:17 INFO [PROFANITY] Detected "fuck" at 00:04.749 - 00:06.193
2026-08-21 13:04:17 INFO [PROFANITY] Detected "fuck" at 00:06.953 - 00:07.947
2026-08-21 13:04:17 INFO [PROFANITY] Detected "fuck" at 00:04.749 - 00:06.193
2026-08-21 13:04:17 INFO [PROFANITY] Detected "fuck" at 00:06.203 - 00:07.197
2026-08-21 13:04:17 INFO [PROFANITY] Detected "fuck" at 00:32.238 - 00:36.459
2026-08-21 13:04:17 INFO [PROFANITY] Detected "bollocks" at 00:37.380 - 00:40.476
2026-08-21 13:04:17 INFO [PROFANITY] Detected "fuck" at 00:32.238 - 00:36.459
2026-08-21 13:04:17 INFO [PROFANITY] Detected "bollocks" at 00:37.380 - 00:40.476
2026-08-21 13:04:17 INFO [PROFANITY] Detected "fuck" at 00:32.238 - 00:36.459
2026-08-21 13:04:17 INFO [PROFANITY] Detected "bollocks" at 00:37.380 - 00:40.476
2026-08-21 13:04:17 INFO [PROFANITY] Detected "fuck" at 00:32.238 - 00:36.459
2026-08-21 13:04:17 INFO [PROFANITY] Detected "bollocks" at 00:36.512 - 00:39.609
2026-08-21 13:04:17 INFO [PROFANITY] Detected "fuck" at 00:32.238 - 00:36.459
2026-08-21 13:04:17 INFO [PROFANITY] Detected "bollocks" at 00:36.469 - 00:39.566
2026-08-21 13:04:17 INFO [PROFANITY] Detected "fuck" at 00:32.238 - 00:37.059
2026-08-21 13:04:17 INFO [PROFANITY] Detected "bollocks" at 00:37.069 - 00:40.166
2026-08-21 13:04:17 INFO [PROFANITY] Detected "christ" at 01:18.071 - 01:18.184
2026-08-21 13:04:17 INFO [PROFANITY] Detected "cunt" at 01:18.616 - 01:22.097
2026-08-21 13:04:17 INFO [PROFANITY] Detected "slut" at 01:22.235 - 01:23.290
2026-08-21 13:04:17 INFO [PROFANITY] Detected "christ" at 01:18.071 - 01:18.184
2026-08-21 13:04:17 INFO [PROFANITY] Detected "cunt" at 01:18.616 - 01:22.097
2026-08-21 13:04:17 INFO [PROFANITY] Detected "slut" at 01:22.235 - 01:23.290
2026-08-21 13:04:17 INFO [PROFANITY] Detected "christ" at 01:13.720 - 01:13.833
2026-08-21 13:04:17 INFO [PROFANITY] Detected "cunt" at 01:14.265 - 01:17.746
2026-08-21 13:04:17 INFO [PROFANITY] Detected "slut" at 01:17.884 - 01:18.938
2026-08-21 13:04:17 INFO [PROFANITY] Detected "christ" at 01:12.860 - 01:12.972
2026-08-21 13:04:17 INFO [PROFANITY] Detected "cunt" at 01:13.404 - 01:16.885
2026-08-21 13:04:17 INFO [PROFANITY] Detected "slut" at 01:17.023 - 01:18.078
2026-08-21 13:04:17 INFO [PROFANITY] Detected "christ" at 01:12.860 - 01:12.972
2026-08-21 13:04:17 INFO [PROFANITY] Detected "cunt" at 01:13.404 - 01:16.885
2026-08-21 13:04:17 INFO [PROFANITY] Detected "slut" at 01:17.023 - 01:18.078
2026-08-21 13:04:17 INFO [PROFANITY] Detected "christ" at 01:12.860 - 01:12.972
2026-08-21 13:04:17 INFO [PROFANITY] Detected "cunt" at 01:13.404 - 01:16.885
2026-08-21 13:04:17 INFO [PROFANITY] Detected "cunt" at 01:17.023 - 01:18.078
2026-08-21 13:04:17 INFO [PROFANITY] Detected "bullshit" at 01:37.668 - 01:38.885
2026-08-21 13:04:17 INFO [PROFANITY] Detected "nigger" at 01:39.335 - 01:43.712
2026-08-21 13:04:17 INFO [PROFANITY] Detected "asshole" at 01:43.831 - 01:46.343
2026-08-21 13:04:17 INFO [PROFANITY] Detected "bullshit" at 01:37.668 - 01:38.885
2026-08-21 13:04:17 INFO [PROFANITY] Detected "nigger" at 01:39.335 - 01:43.712
2026-08-21 13:04:17 INFO [PROFANITY] Detected "asshole" at 01:43.831 - 01:46.343
2026-08-21 13:04:17 INFO [PROFANITY] Detected "asshole" at 01:37.668 - 01:38.885
2026-08-21 13:04:17 INFO [PROFANITY] Detected "nigger" at 01:39.335 - 01:43.712
2026-08-21 13:04:17 INFO [PROFANITY] Detected "asshole" at 01:43.831 - 01:46.343
2026-08-21 13:04:17 INFO [PROFANITY] Detected "asshole" at 01:37.668 - 01:38.885
2026-08-21 13:04:17 INFO [PROFANITY] Detected "nigger" at 01:39.335 - 01:43.712
2026-08-21 13:04:17 INFO [PROFANITY] Detected "asshole" at 01:43.831 - 01:46.343
2026-08-21 13:04:17 INFO [PROFANITY] Detected "asshole" at 01:37.668 - 01:38.885
2026-08-21 13:04:17 INFO [PROFANITY] Detected "nigger" at 01:39.335 - 01:43.712
2026-08-21 13:04:17 INFO [PROFANITY] Detected "asshole" at 01:43.831 - 01:46.343
2026-08-21 13:04:17 INFO [PROFANITY] Detected "bastard" at 01:33.305 - 01:35.305
2026-08-21 13:04:17 INFO [PROFANITY] Detected "bastard" at 01:35.921 - 01:36.673
2026-08-21 13:04:17 INFO [PROFANITY] Detected "asshole" at 01:37.668 - 01:38.885
2026-08-21 13:04:17 INFO [PROFANITY] Detected "bastard" at 01:33.305 - 01:35.305
2026-08-21 13:04:17 INFO [PROFANITY] Detected "bastard" at 01:35.921 - 01:36.673
2026-08-21 13:04:17 INFO [PROFANITY] Detected "asshole" at 01:36.792 - 01:38.009
2026-08-21 13:04:17 INFO [PROFANITY] Detected "bullshit" at 00:33.331 - 00:37.285
2026-08-21 13:04:17 INFO [PROFANITY] Detected "asshole" at 00:37.639 - 00:40.462
2026-08-21 13:04:17 INFO [PROFANITY] Detected "christ" at 00:41.357 - 00:42.357
2026-08-21 13:04:17 INFO [PROFANITY] Detected "wanker" at 00:42.798 - 00:44.747
2026-08-21 13:04:17 INFO [PROFANITY] Detected "whore" at 00:45.517 - 00:47.037
2026-08-21 13:04:17 INFO [PROFANITY] Detected "bullshit" at 00:33.331 - 00:37.285
2026-08-21 13:04:17 INFO [PROFANITY] Detected "asshole" at 00:37.639 - 00:40.462
2026-08-21 13:04:17 INFO [PROFANITY] Detected "christ" at 00:41.357 - 00:42.357
2026-08-21 13:04:17 INFO [PROFANITY] Detected "wanker" at 00:42.798 - 00:44.747
2026-08-21 13:04:17 INFO [PROFANITY] Detected "whore" at 00:45.517 - 00:47.037
2026-08-21 13:04:17 INFO [PROFANITY] Detected "bullshit" at 00:33.331 - 00:37.285
2026-08-21 13:04:17 INFO [PROFANITY] Detected "asshole" at 00:37.639 - 00:40.462
2026-08-21 13:04:17 INFO [PROFANITY] Detected "christ" at 00:41.357 - 00:42.357
2026-08-21 13:04:17 INFO [PROFANITY] Detected "wanker" at 00:42.798 - 00:44.747
2026-08-21 13:04:17 INFO [PROFANITY] Detected "whore" at 00:45.517 - 00:47.037
2026-08-21 13:04:17 INFO [PROFANITY] Detected "bullshit" at 00:33.331 - 00:37.285
2026-08-21 13:04:17 INFO [PROFANITY] Detected "asshole" at 00:37.639 - 00:40.462
2026-08-21 13:04:17 INFO [PROFANITY] Detected "christ" at 00:41.357 - 00:42.357
2026-08-21 13:04:17 INFO [PROFANITY] Detected "wanker" at 00:42.798 - 00:44.747
2026-08-21 13:04:17 INFO [PROFANITY] Detected "whore" at 00:45.517 - 00:47.037
2026-08-21 13:04:17 INFO [PROFANITY] Detected "bullshit" at 00:33.331 - 00:37.285
2026-08-21 13:04:17 INFO [PROFANITY] Detected "asshole" at 00:37.639 - 00:40.462
2026-08-21 13:04:17 INFO [PROFANITY] Detected "christ" at 00:41.357 - 00:41.557
2026-08-21 13:04:17 INFO [PROFANITY] Detected "wanker" at 00:41.998 - 00:43.947
2026-08-21 13:04:17 INFO [PROFANITY] Detected "whore" at 00:44.717 - 00:46.237
2026-08-21 13:04:17 INFO [PROFANITY] Detected "bullshit" at 00:33.331 - 00:37.285
2026-08-21 13:04:17 INFO [PROFANITY] Detected "asshole" at 00:37.639 - 00:40.462
2026-08-21 13:04:17 INFO [PROFANITY] Detected "bullshit" at 00:33.331 - 00:37.285
2026-08-21 13:04:17 INFO [PROFANITY] Detected "asshole" at 00:37.639 - 00:40.462
2026-08-21 13:04:17 INFO [PROFANITY] Detected "bastard" at 01:40.145 - 01:42.945
2026-08-21 13:04:17 INFO [PROFANITY] Detected "wanker" at 01:43.932 - 01:48.345
2026-08-21 13:04:17 INFO [PROFANITY] Detected "asshole" at 01:49.037 - 01:50.037
2026-08-21 13:04:17 INFO [PROFANITY] Detected "bollocks" at 01:50.782 - 01:50.792
2026-08-21 13:04:17 INFO [PROFANITY] Detected "bullshit" at 01:51.553 - 01:51.892
2026-08-21 13:04:17 INFO [PROFANITY] Detected "bastard" at 01:40.145 - 01:42.945
2026-08-21 13:04:17 INFO [PROFANITY] Detected "wanker" at 01:43.932 - 01:48.345
2026-08-21 13:04:17 INFO [PROFANITY] Detected "asshole" at 01:49.037 - 01:50.037
2026-08-21 13:04:17 INFO [PROFANITY] Detected "bollocks" at 01:50.782 - 01:50.792
2026-08-21 13:04:17 INFO [PROFANITY] Detected "bullshit" at 01:51.553 - 01:51.892
2026-08-21 13:04:17 INFO [PROFANITY] Detected "bastard" at 01:40.145 - 01:42.945
2026-08-21 13:04:17 INFO [PROFANITY] Detected "wanker" at 01:43.932 - 01:48.345
2026-08-21 13:04:17 INFO [PROFANITY] Detected "asshole" at 01:49.037 - 01:50.037
2026-08-21 13:04:17 INFO [PROFANITY] Detected "bollocks" at 01:50.782 - 01:50.792
2026-08-21 13:04:17 INFO [PROFANITY] Detected "asshole" at 01:51.553 - 01:51.892
2026-08-21 13:04:17 INFO [PROFANITY] Detected "bastard" at 01:40.145 - 01:42.945
2026-08-21 13:04:17 INFO [PROFANITY] Detected "bastard" at 01:43.932 - 01:48.345
2026-08-21 13:04:17 INFO [PROFANITY] Detected "asshole" at 01:49.037 - 01:50.037
2026-08-21 13:04:17 INFO [PROFANITY] Detected "bollocks" at 01:50.782 - 01:50.792
2026-08-21 13:04:17 INFO [PROFANITY] Detected "asshole" at 01:51.553 - 01:51.892
2026-08-21 13:04:17 INFO [PROFANITY] Detected "bastard" at 01:40.145 - 01:42.945
2026-08-21 13:04:17 INFO [PROFANITY] Detected "bastard" at 01:43.932 - 01:48.345
2026-08-21 13:04:17 INFO [PROFANITY] Detected "asshole" at 01:49.037 - 01:50.037
2026-08-21 13:04:17 INFO [PROFANITY] Detected "bollocks" at 01:50.782 - 01:50.792
2026-08-21 13:04:17 INFO [PROFANITY] Detected "asshole" at 01:51.553 - 01:51.892
2026-08-21 13:04:17 INFO [PROFANITY] Detected "bastard" at 01:40.145 - 01:42.945
2026-08-21 13:04:17 INFO [PROFANITY] Detected "bastard" at 01:43.932 - 01:48.345
2026-08-21 13:04:17 INFO [PROFANITY] Detected "asshole" at 01:49.037 - 01:50.037
2026-08-21 13:04:17 INFO [PROFANITY] Detected "bollocks" at 01:50.782 - 01:50.792
2026-08-21 13:04:17 INFO [PROFANITY] Detected "asshole" at 01:51.553 - 01:51.892
2026-08-21 13:04:17 INFO [PROFANITY] Detected "bastard" at 01:40.145 - 01:42.945
2026-08-21 13:04:17 INFO [PROFANITY] Detected "bastard" at 01:43.932 - 01:48.345
2026-08-21 13:04:17 INFO [PROFANITY] Detected "prick" at 00:34.021 - 00:37.152
2026-08-21 13:04:17 INFO [PROFANITY] Detected "cock" at 00:37.994 - 00:41.014
2026-08-21 13:04:17 INFO [PROFANITY] Detected "jesus" at 00:41.214 - 00:42.699
2026-08-21 13:04:17 INFO [PROFANITY] Detected "shit" at 00:43.199 - 00:45.114
2026-08-21 13:04:17 INFO [PROFANITY] Detected "prick" at 00:34.021 - 00:37.152
2026-08-21 13:04:17 INFO [PROFANITY] Detected "cock" at 00:37.162 - 00:40.181
2026-08-21 13:04:17 INFO [PROFANITY] Detected "jesus" at 00:40.381 - 00:41.867
2026-08-21 13:04:17 INFO [PROFANITY] Detected "shit" at 00:42.367 - 00:44.282
2026-08-21 13:04:17 INFO [PROFANITY] Detected "prick" at 00:34.021 - 00:37.152
2026-08-21 13:04:17 INFO [PROFANITY] Detected "prick" at 00:34.021 - 00:37.152
2026-08-21 13:04:17 INFO [PROFANITY] Detected "prick" at 00:34.021 - 00:37.152
2026-08-21 13:04:17 INFO [PROFANITY] Detected "prick" at 00:34.021 - 00:37.152
2026-08-21 13:04:17 INFO [PROFANITY] Detected "prick" at 00:34.021 - 00:37.152
2026-08-21 13:04:17 INFO [PROFANITY] Detected "god" at 00:33.369 - 00:35.894
2026-08-21 13:04:17 INFO [PROFANITY] Detected "wanker" at 00:36.127 - 00:37.898
2026-08-21 13:04:17 INFO [PROFANITY] Detected "damn" at 00:38.173 - 00:39.273
2026-08-21 13:04:17 INFO [PROFANITY] Detected "damn" at 00:33.369 - 00:35.894
2026-08-21 13:04:17 INFO [PROFANITY] Detected "wanker" at 00:36.127 - 00:37.898
2026-08-21 13:04:17 INFO [PROFANITY] Detected "damn" at 00:38.173 - 00:39.273
2026-08-21 13:04:17 INFO [PROFANITY] Detected "damn" at 00:33.369 - 00:35.894
2026-08-21 13:04:17 INFO [PROFANITY] Detected "wanker" at 00:36.127 - 00:37.898
2026-08-21 13:04:17 INFO [PROFANITY] Detected "damn" at 00:38.173 - 00:39.273
2026-08-21 13:04:17 INFO [PROFANITY] Detected "damn" at 00:33.369 - 00:35.894
2026-08-21 13:04:17 INFO [PROFANITY] Detected "wanker" at 00:36.127 - 00:37.898
2026-08-21 13:04:17 INFO [PROFANITY] Detected "damn" at 00:38.173 - 00:39.273
2026-08-21 13:04:17 INFO [PROFANITY] Detected "damn" at 00:33.369 - 00:35.894
2026-08-21 13:04:17 INFO [PROFANITY] Detected "damn" at 00:36.127 - 00:37.898
2026-08-21 13:04:17 INFO [PROFANITY] Detected "damn" at 00:38.173 - 00:39.273
2026-08-21 13:04:17 INFO [PROFANITY] Detected "damn" at 00:33.369 - 00:35.894
2026-08-21 13:04:17 INFO [PROFANITY] Detected "damn" at 00:36.127 - 00:37.898
2026-08-21 13:04:17 INFO [PROFANITY] Detected "damn" at 00:38.173 - 00:39.273
2026-08-21 13:04:17 INFO [PROFANITY] Detected "damn" at 00:33.369 - 00:35.894
2026-08-21 13:04:17 INFO [PROFANITY] Detected "damn" at 00:36.127 - 00:37.898
2026-08-21 13:04:17 INFO [PROFANITY] Detected "damn" at 00:38.173 - 00:39.273
2026-08-21 13:04:17 INFO [PROFANITY] Detected "asshole" at 01:04.391 - 01:06.457
2026-08-21 13:04:17 INFO [PROFANITY] Detected "cock" at 01:06.978 - 01:11.161
2026-08-21 13:04:17 INFO [PROFANITY] Detected "bollocks" at 01:11.173 - 01:15.097
2026-08-21 13:04:17 INFO [PROFANITY] Detected "nigger" at 01:15.615 - 01:16.115
2026-08-21 13:04:17 INFO [PROFANITY] Detected "bollocks" at 01:04.391 - 01:06.457
2026-08-21 13:04:17 INFO [PROFANITY] Detected "cock" at 01:06.978 - 01:11.161
2026-08-21 13:04:17 INFO [PROFANITY] Detected "bollocks" at 01:11.173 - 01:15.097
2026-08-21 13:04:17 INFO [PROFANITY] Detected "nigger" at 01:15.615 - 01:16.115
2026-08-21 13:04:17 INFO [PROFANITY] Detected "bollocks" at 00:03.052 - 00:05.117
2026-08-21 13:04:17 INFO [PROFANITY] Detected "cock" at 00:05.638 - 00:09.821
2026-08-21 13:04:17 INFO [PROFANITY] Detected "bollocks" at 00:09.833 - 00:13.757
2026-08-21 13:04:17 INFO [PROFANITY] Detected "nigger" at 00:14.275 - 00:14.775
2026-08-21 13:04:17 INFO [PROFANITY] Detected "bollocks" at 00:03.052 - 00:05.117
2026-08-21 13:04:17 INFO [PROFANITY] Detected "bollocks" at 00:05.638 - 00:09.821
2026-08-21 13:04:17 INFO [PROFANITY] Detected "bollocks" at 00:09.833 - 00:13.757
2026-08-21 13:04:17 INFO [PROFANITY] Detected "nigger" at 00:14.275 - 00:14.775
2026-08-21 13:04:17 INFO [PROFANITY] Detected "bollocks" at 00:03.052 - 00:05.117
2026-08-21 13:04:17 INFO [PROFANITY] Detected "bollocks" at 00:05.638 - 00:09.821
2026-08-21 13:04:17 INFO [PROFANITY] Detected "bollocks" at 00:09.833 - 00:13.757
2026-08-21 13:04:17 INFO [PROFANITY] Detected "nigger" at 00:14.275 - 00:14.775
2026-08-21 13:04:17 INFO [PROFANITY] Detected "bollocks" at 00:03.052 - 00:05.117
2026-08-21 13:04:17 INFO [PROFANITY] Detected "cunt" at 00:09.221 - 00:09.415
2026-08-21 13:04:17 INFO [PROFANITY] Detected "ass" at 00:09.915 - 00:12.138
2026-08-21 13:04:17 INFO [PROFANITY] Detected "cunt" at 00:09.221 - 00:09.415
2026-08-21 13:04:17 INFO [PROFANITY] Detected "ass" at 00:09.915 - 00:12.138
2026-08-21 13:04:17 INFO [PROFANITY] Detected "cunt" at 00:09.221 - 00:09.415
2026-08-21 13:04:17 INFO [PROFANITY] Detected "ass" at 00:09.915 - 00:12.138
2026-08-21 13:04:17 INFO [PROFANITY] Detected "ass" at 00:09.221 - 00:09.415
2026-08-21 13:04:17 INFO [PROFANITY] Detected "ass" at 00:09.915 - 00:12.138
2026-08-21 13:04:17 INFO [PROFANITY] Detected "ass" at 00:09.221 - 00:09.415
2026-08-21 13:04:17 INFO [PROFANITY] Detected "ass" at 00:09.915 - 00:12.138
2026-08-21 13:04:17 INFO [PROFANITY] Detected "cock" at 00:07.528 - 00:08.481
2026-08-21 13:04:17 INFO [PROFANITY] Detected "twat" at 00:08.930 - 00:09.130
2026-08-21 13:04:17 INFO [PROFANITY] Detected "twat" at 00:07.528 - 00:08.481
2026-08-21 13:04:17 INFO [PROFANITY] Detected "twat" at 00:08.930 - 00:09.130
2026-08-21 13:04:17 INFO [PROFANITY] Detected "twat" at 00:07.528 - 00:08.481
2026-08-21 13:04:17 INFO [PROFANITY] Detected "twat" at 00:08.930 - 00:09.130
2026-08-21 13:04:17 INFO [PROFANITY] Detected "ass" at 00:04.747 - 00:06.864
2026-08-21 13:04:17 INFO [PROFANITY] Detected "twat" at 00:07.528 - 00:08.481
2026-08-21 13:04:17 INFO [PROFANITY] Detected "ass" at 00:04.776 - 00:06.892
2026-08-21 13:04:17 INFO [PROFANITY] Detected "twat" at 00:07.556 - 00:08.509
2026-08-21 13:04:17 INFO [PROFANITY] Detected "slut" at 00:46.804 - 00:49.709
2026-08-21 13:04:17 INFO [PROFANITY] Detected "fuck" at 00:50.566 - 00:50.876
2026-08-21 13:04:17 INFO [PROFANITY] Detected "wanker" at 00:51.057 - 00:53.732
2026-08-21 13:04:17 INFO [PROFANITY] Detected "bullshit" at 00:54.732 - 00:54.932
2026-08-21 13:04:17 INFO [PROFANITY] Detected "slut" at 00:46.804 - 00:49.709
2026-08-21 13:04:17 INFO [PROFANITY] Detected "fuck" at 00:50.566 - 00:50.876
2026-08-21 13:04:17 INFO [PROFANITY] Detected "wanker" at 00:51.057 - 00:53.732
2026-08-21 13:04:17 INFO [PROFANITY] Detected "bullshit" at 00:54.732 - 00:54.932
2026-08-21 13:04:17 INFO [PROFANITY] Detected "slut" at 00:46.804 - 00:49.709
2026-08-21 13:04:17 INFO [PROFANITY] Detected "fuck" at 00:50.566 - 00:50.876
2026-08-21 13:04:17 INFO [PROFANITY] Detected "wanker" at 00:51.057 - 00:53.732
2026-08-21 13:04:17 INFO [PROFANITY] Detected "bullshit" at 00:54.732 - 00:54.932
2026-08-21 13:04:17 INFO [PROFANITY] Detected "slut" at 00:46.804 - 00:49.709
2026-08-21 13:04:17 INFO [PROFANITY] Detected "fuck" at 00:50.566 - 00:50.876
2026-08-21 13:04:17 INFO [PROFANITY] Detected "wanker" at 00:51.057 - 00:53.732
2026-08-21 13:04:17 INFO [PROFANITY] Detected "slut" at 00:46.804 - 00:49.709
2026-08-21 13:04:17 INFO [PROFANITY] Detected "fuck" at 00:50.566 - 00:50.876
2026-08-21 13:04:17 INFO [PROFANITY] Detected "wanker" at 00:51.057 - 00:53.732
2026-08-21 13:04:17 INFO [PROFANITY] Detected "slut" at 00:46.804 - 00:49.709
2026-08-21 13:04:17 INFO [PROFANITY] Detected "fuck" at 00:50.566 - 00:50.876
2026-08-21 13:04:17 INFO [PROFANITY] Detected "slut" at 00:51.057 - 00:53.732
2026-08-21 13:04:17 INFO [PROFANITY] Detected "slut" at 00:46.804 - 00:49.709
2026-08-21 13:04:17 INFO [PROFANITY] Detected "fuck" at 00:50.566 - 00:50.876
2026-08-21 13:04:17 INFO [PROFANITY] Detected "slut" at 00:51.057 - 00:53.732
2026-08-21 13:04:17 INFO [PROFANITY] Detected "asshole" at 00:30.573 - 00:35.236
2026-08-21 13:04:17 INFO [PROFANITY] Detected "asshole" at 00:30.573 - 00:35.236
2026-08-21 13:04:17 INFO [PROFANITY] Detected "asshole" at 00:30.573 - 00:31.466
2026-08-21 13:04:17 INFO [PROFANITY] Detected "bastard" at 00:29.267 - 00:30.276
2026-08-21 13:04:17 INFO [PROFANITY] Detected "bastard" at 00:29.267 - 00:30.276
2026-08-21 13:04:17 INFO [PROFANITY] Detected "bastard" at 00:29.267 - 00:30.276
2026-08-21 13:04:17 INFO [PROFANITY] Detected "bastard" at 00:29.947 - 00:30.956
2026-08-21 13:04:17 INFO [PROFANITY] Detected "bullshit" at 01:32.997 - 01:33.031
2026-08-21 13:04:17 INFO [PROFANITY] Detected "jesus" at 01:33.612 - 01:34.418
2026-08-21 13:04:17 INFO [PROFANITY] Detected "dick" at 01:34.464 - 01:36.655
2026-08-21 13:04:17 INFO [PROFANITY] Detected "cunt" at 01:37.084 - 01:39.065
2026-08-21 13:04:17 INFO [PROFANITY] Detected "bullshit" at 01:32.997 - 01:33.031
2026-08-21 13:04:17 INFO [PROFANITY] Detected "cunt" at 01:33.612 - 01:34.418
2026-08-21 13:04:17 INFO [PROFANITY] Detected "dick" at 01:34.464 - 01:36.655
2026-08-21 13:04:17 INFO [PROFANITY] Detected "cunt" at 01:37.084 - 01:39.065
2026-08-21 13:04:17 INFO [PROFANITY] Detected "bullshit" at 01:32.997 - 01:33.031
2026-08-21 13:04:17 INFO [PROFANITY] Detected "cunt" at 01:33.612 - 01:34.418
2026-08-21 13:04:17 INFO [PROFANITY] Detected "dick" at 01:34.464 - 01:36.655
2026-08-21 13:04:17 INFO [PROFANITY] Detected "cunt" at 01:37.084 - 01:39.065
2026-08-21 13:04:17 INFO [PROFANITY] Detected "bullshit" at 01:32.997 - 01:33.031
2026-08-21 13:04:17 INFO [PROFANITY] Detected "cunt" at 01:33.612 - 01:34.418
2026-08-21 13:04:17 INFO [PROFANITY] Detected "dick" at 01:34.464 - 01:36.655
2026-08-21 13:04:17 INFO [PROFANITY] Detected "cunt" at 01:37.084 - 01:37.117
2026-08-21 13:04:17 INFO [PROFANITY] Detected "bullshit" at 01:32.997 - 01:33.031
2026-08-21 13:04:17 INFO [PROFANITY] Detected "cunt" at 01:33.612 - 01:34.418
2026-08-21 13:04:17 INFO [PROFANITY] Detected "dick" at 01:34.464 - 01:36.655
2026-08-21 13:04:17 INFO [PROFANITY] Detected "cunt" at 01:37.084 - 01:37.117
2026-08-21 13:04:17 INFO [PROFANITY] Detected "bullshit" at 00:02.925 - 00:02.958
2026-08-21 13:04:17 INFO [PROFANITY] Detected "cunt" at 00:03.539 - 00:04.345
2026-08-21 13:04:17 INFO [PROFANITY] Detected "dick" at 00:04.392 - 00:06.582
2026-08-21 13:04:17 INFO [PROFANITY] Detected "cunt" at 00:07.011 - 00:07.045
2026-08-21 13:04:17 INFO [PROFANITY] Detected "bullshit" at 00:02.925 - 00:02.958
2026-08-21 13:04:17 INFO [PROFANITY] Detected "cunt" at 00:03.539 - 00:04.345
2026-08-21 13:04:17 INFO [PROFANITY] Detected "dick" at 00:04.392 - 00:06.582
2026-08-21 13:04:17 INFO [PROFANITY] Detected "cunt" at 00:07.011 - 00:07.045
2026-08-21 13:04:17 INFO [PROFANITY] Detected "bitch" at 01:01.800 - 01:03.800
2026-08-21 13:04:17 INFO [PROFANITY] Detected "fuck" at 01:04.098 - 01:05.599
2026-08-21 13:04:17 INFO [PROFANITY] Detected "motherfucker" at 01:05.861 - 01:10.190
2026-08-21 13:04:17 INFO [PROFANITY] Detected "dick" at 01:11.126 - 01:11.341
2026-08-21 13:04:17 INFO [PROFANITY] Detected "asshole" at 01:12.308 - 01:12.641
2026-08-21 13:04:17 INFO [PROFANITY] Detected "bitch" at 01:01.800 - 01:03.800
2026-08-21 13:04:17 INFO [PROFANITY] Detected "fuck" at 01:04.098 - 01:05.599
2026-08-21 13:04:17 INFO [PROFANITY] Detected "motherfucker" at 01:05.861 - 01:10.190
2026-08-21 13:04:17 INFO [PROFANITY] Detected "dick" at 01:11.126 - 01:11.341
2026-08-21 13:04:17 INFO [PROFANITY] Detected "asshole" at 01:12.308 - 01:12.641
2026-08-21 13:04:17 INFO [PROFANITY] Detected "bitch" at 01:01.800 - 01:03.800
2026-08-21 13:04:17 INFO [PROFANITY] Detected "fuck" at 01:04.098 - 01:05.599
2026-08-21 13:04:17 INFO [PROFANITY] Detected "motherfucker" at 01:05.861 - 01:10.190
2026-08-21 13:04:17 INFO [PROFANITY] Detected "dick" at 01:11.126 - 01:11.341
2026-08-21 13:04:17 INFO [PROFANITY] Detected "asshole" at 01:12.308 - 01:12.641
2026-08-21 13:04:17 INFO [PROFANITY] Detected "bitch" at 01:01.800 - 01:03.800
2026-08-21 13:04:17 INFO [PROFANITY] Detected "fuck" at 01:04.800 - 01:06.301
2026-08-21 13:04:17 INFO [PROFANITY] Detected "motherfucker" at 01:06.562 - 01:10.892
2026-08-21 13:04:17 INFO [PROFANITY] Detected "dick" at 01:11.827 - 01:12.043
2026-08-21 13:04:17 INFO [PROFANITY] Detected "asshole" at 01:13.009 - 01:13.343
2026-08-21 13:04:17 INFO [PROFANITY] Detected "bitch" at 01:01.800 - 01:03.800
2026-08-21 13:04:17 INFO [PROFANITY] Detected "fuck" at 01:04.800 - 01:06.301
2026-08-21 13:04:17 INFO [PROFANITY] Detected "motherfucker" at 01:06.562 - 01:10.892
2026-08-21 13:04:17 INFO [PROFANITY] Detected "fuck" at 01:11.827 - 01:12.043
2026-08-21 13:04:17 INFO [PROFANITY] Detected "asshole" at 01:13.009 - 01:13.343
2026-08-21 13:04:17 INFO [PROFANITY] Detected "bitch" at 00:59.613 - 01:01.790
2026-08-21 13:04:17 INFO [PROFANITY] Detected "bitch" at 01:01.800 - 01:03.800
2026-08-21 13:04:17 INFO [PROFANITY] Detected "fuck" at 01:04.800 - 01:06.301
2026-08-21 13:04:17 INFO [PROFANITY] Detected "motherfucker" at 01:06.562 - 01:10.892
2026-08-21 13:04:17 INFO [PROFANITY] Detected "fuck" at 01:11.827 - 01:12.043
2026-08-21 13:04:17 INFO [PROFANITY] Detected "bitch" at 00:59.613 - 01:01.790
2026-08-21 13:04:17 INFO [PROFANITY] Detected "bitch" at 01:01.800 - 01:03.800
2026-08-21 13:04:17 INFO [PROFANITY] Detected "fuck" at 01:04.800 - 01:06.301
2026-08-21 13:04:17 INFO [PROFANITY] Detected "motherfucker" at 01:06.562 - 01:10.892
2026-08-21 13:04:17 INFO [PROFANITY] Detected "fuck" at 01:10.963 - 01:11.179
2026-08-21 13:04:17 INFO [PROFANITY] Detected "christ" at 00:00.000 - 00:04.573
2026-08-21 13:04:17 INFO [PROFANITY] Detected "wanker" at 00:05.230 - 00:07.130
2026-08-21 13:04:17 INFO [PROFANITY] Detected "bitch" at 00:07.713 - 00:08.028
2026-08-21 13:04:17 INFO [PROFANITY] Detected "dick" at 00:08.869 - 00:09.645
2026-08-21 13:04:17 INFO [PROFANITY] Detected "asshole" at 00:10.138 - 00:11.084
2026-08-21 13:04:17 INFO [PROFANITY] Detected "christ" at 00:00.000 - 00:04.573
2026-08-21 13:04:17 INFO [PROFANITY] Detected "wanker" at 00:05.230 - 00:07.130
2026-08-21 13:04:17 INFO [PROFANITY] Detected "christ" at 00:00.000 - 00:04.573
2026-08-21 13:04:17 INFO [PROFANITY] Detected "christ" at 00:05.230 - 00:07.130
2026-08-21 13:04:17 INFO [PROFANITY] Detected "christ" at 00:00.000 - 00:04.573
2026-08-21 13:04:17 INFO [PROFANITY] Detected "christ" at 00:05.230 - 00:07.130
2026-08-21 13:04:17 INFO [PROFANITY] Detected "christ" at 00:00.000 - 00:04.573
2026-08-21 13:04:17 INFO [PROFANITY] Detected "christ" at 00:05.230 - 00:07.130
2026-08-21 13:04:17 INFO [PROFANITY] Detected "christ" at 00:00.000 - 00:04.573
2026-08-21 13:04:17 INFO [PROFANITY] Detected "christ" at 00:05.230 - 00:07.130
2026-08-21 13:04:17 INFO [PROFANITY] Detected "christ" at 00:00.000 - 00:04.573
2026-08-21 13:04:17 INFO [PROFANITY] Detected "christ" at 00:05.230 - 00:07.130
2026-08-21 13:04:17 INFO [PROFANITY] Detected "ass" at 01:39.825 - 01:43.931
2026-08-21 13:04:17 INFO [PROFANITY] Detected "christ" at 01:44.723 - 01:47.258
2026-08-21 13:04:17 INFO [PROFANITY] Detected "christ" at 01:39.825 - 01:43.931
2026-08-21 13:04:17 INFO [PROFANITY] Detected "christ" at 01:44.723 - 01:47.258
2026-08-21 13:04:17 INFO [PROFANITY] Detected "christ" at 01:39.825 - 01:43.931
2026-08-21 13:04:17 INFO [PROFANITY] Detected "christ" at 01:44.723 - 01:47.258
2026-08-21 13:04:17 INFO [PROFANITY] Detected "christ" at 01:39.825 - 01:43.931
2026-08-21 13:04:17 INFO [PROFANITY] Detected "christ" at 01:44.723 - 01:47.258
2026-08-21 13:04:17 INFO [PROFANITY] Detected "christ" at 00:04.619 - 00:08.725
2026-08-21 13:04:17 INFO [PROFANITY] Detected "christ" at 00:09.516 - 00:12.052
2026-08-21 13:04:17 INFO [PROFANITY] Detected "christ" at 00:04.619 - 00:08.725
2026-08-21 13:04:17 INFO [PROFANITY] Detected "christ" at 00:04.619 - 00:08.725
2026-08-21 13:04:17 INFO [PROFANITY] Detected "jesus" at 00:59.578 - 01:00.078
2026-08-21 13:04:17 INFO [PROFANITY] Detected "hell" at 01:00.992 - 01:04.684
2026-08-21 13:04:17 INFO [PROFANITY] Detected "jesus" at 01:05.156 - 01:06.156
2026-08-21 13:04:17 INFO [PROFANITY] Detected "bollocks" at 01:06.679 - 01:07.394
2026-08-21 13:04:17 INFO [PROFANITY] Detected "jesus" at 00:59.578 - 01:00.078
2026-08-21 13:04:17 INFO [PROFANITY] Detected "hell" at 01:00.992 - 01:04.684
2026-08-21 13:04:17 INFO [PROFANITY] Detected "jesus" at 01:05.156 - 01:06.156
2026-08-21 13:04:17 INFO [PROFANITY] Detected "bollocks" at 01:06.679 - 01:07.394
2026-08-21 13:04:17 INFO [PROFANITY] Detected "jesus" at 00:59.578 - 01:00.078
2026-08-21 13:04:17 INFO [PROFANITY] Detected "hell" at 01:00.992 - 01:04.684
2026-08-21 13:04:17 INFO [PROFANITY] Detected "jesus" at 01:05.156 - 01:06.156
2026-08-21 13:04:17 INFO [PROFANITY] Detected "bollocks" at 01:06.679 - 01:07.386
2026-08-21 13:04:17 INFO [PROFANITY] Detected "jesus" at 00:59.578 - 01:00.078
2026-08-21 13:04:17 INFO [PROFANITY] Detected "jesus" at 00:00.914 - 00:01.414
2026-08-21 13:04:17 INFO [PROFANITY] Detected "jesus" at 00:00.707 - 00:01.207
2026-08-21 13:04:17 INFO [PROFANITY] Detected "jesus" at 00:00.707 - 00:01.207
2026-08-21 13:04:17 INFO [PROFANITY] Detected "jesus" at 00:40.604 - 00:43.658
2026-08-21 13:04:17 INFO [PROFANITY] Detected "whore" at 00:44.509 - 00:46.065
2026-08-21 13:04:17 INFO [PROFANITY] Detected "ass" at 00:46.399 - 00:49.231
2026-08-21 13:04:17 INFO [PROFANITY] Detected "fuck" at 00:49.733 - 00:50.233
2026-08-21 13:04:17 INFO [PROFANITY] Detected "ass" at 00:50.733 - 00:54.569
2026-08-21 13:04:17 INFO [PROFANITY] Detected "jesus" at 00:40.604 - 00:43.658
2026-08-21 13:04:17 INFO [PROFANITY] Detected "whore" at 00:44.509 - 00:46.065
2026-08-21 13:04:17 INFO [PROFANITY] Detected "ass" at 00:46.399 - 00:49.231
2026-08-21 13:04:17 INFO [PROFANITY] Detected "fuck" at 00:49.733 - 00:50.233
2026-08-21 13:04:17 INFO [PROFANITY] Detected "ass" at 00:50.733 - 00:54.569
2026-08-21 13:04:17 INFO [PROFANITY] Detected "jesus" at 00:40.604 - 00:43.658
2026-08-21 13:04:17 INFO [PROFANITY] Detected "jesus" at 00:44.509 - 00:46.065
2026-08-21 13:04:17 INFO [PROFANITY] Detected "ass" at 00:46.399 - 00:49.231
2026-08-21 13:04:17 INFO [PROFANITY] Detected "fuck" at 00:49.733 - 00:50.233
2026-08-21 13:04:17 INFO [PROFANITY] Detected "ass" at 00:50.733 - 00:54.569
2026-08-21 13:04:17 INFO [PROFANITY] Detected "jesus" at 00:40.604 - 00:43.658
2026-08-21 13:04:17 INFO [PROFANITY] Detected "jesus" at 00:44.509 - 00:46.065
2026-08-21 13:04:17 INFO [PROFANITY] Detected "ass" at 00:46.399 - 00:49.231
2026-08-21 13:04:17 INFO [PROFANITY] Detected "fuck" at 00:49.733 - 00:50.233
2026-08-21 13:04:17 INFO [PROFANITY] Detected "ass" at 00:50.733 - 00:54.569
2026-08-21 13:04:17 INFO [PROFANITY] Detected "jesus" at 00:40.604 - 00:43.658
2026-08-21 13:04:17 INFO [PROFANITY] Detected "jesus" at 00:44.509 - 00:46.065
2026-08-21 13:04:17 INFO [PROFANITY] Detected "ass" at 00:46.399 - 00:49.231
2026-08-21 13:04:17 INFO [PROFANITY] Detected "fuck" at 00:49.733 - 00:50.233
2026-08-21 13:04:17 INFO [PROFANITY] Detected "ass" at 00:50.733 - 00:54.569
2026-08-21 13:04:17 INFO [PROFANITY] Detected "jesus" at 00:40.604 - 00:43.658
2026-08-21 13:04:17 INFO [PROFANITY] Detected "jesus" at 00:44.509 - 00:46.065
2026-08-21 13:04:17 INFO [PROFANITY] Detected "ass" at 00:46.399 - 00:49.231
2026-08-21 13:04:17 INFO [PROFANITY] Detected "fuck" at 00:49.241 - 00:49.741
2026-08-21 13:04:17 INFO [PROFANITY] Detected "ass" at 00:50.241 - 00:54.076
2026-08-21 13:04:17 INFO [PROFANITY] Detected "jesus" at 00:03.616 - 00:07.599
2026-08-21 13:04:17 INFO [PROFANITY] Detected "damn" at 00:08.343 - 00:10.865
2026-08-21 13:04:17 INFO [PROFANITY] Detected "wanker" at 00:10.889 - 00:11.389
2026-08-21 13:04:17 INFO [PROFANITY] Detected "jesus" at 00:02.238 - 00:06.220
2026-08-21 13:04:17 INFO [PROFANITY] Detected "damn" at 00:06.965 - 00:09.487
2026-08-21 13:04:17 INFO [PROFANITY] Detected "wanker" at 00:09.510 - 00:10.010
2026-08-21 13:04:17 INFO [PROFANITY] Detected "asshole" at 00:01.292 - 00:01.568
2026-08-21 13:04:17 INFO [PROFANITY] Detected "jesus" at 00:02.238 - 00:06.220
2026-08-21 13:04:17 INFO [PROFANITY] Detected "damn" at 00:06.965 - 00:09.487
2026-08-21 13:04:17 INFO [PROFANITY] Detected "asshole" at 00:01.292 - 00:01.568
2026-08-21 13:04:17 INFO [PROFANITY] Detected "asshole" at 00:01.292 - 00:01.568
2026-08-21 13:04:17 INFO [PROFANITY] Detected "motherfucker" at 01:28.726 - 01:32.684
2026-08-21 13:04:17 INFO [PROFANITY] Detected "cock" at 01:32.721 - 01:35.268
2026-08-21 13:04:17 INFO [PROFANITY] Detected "motherfucker" at 01:28.726 - 01:32.684
2026-08-21 13:04:17 INFO [PROFANITY] Detected "cock" at 01:32.721 - 01:35.268
2026-08-21 13:04:17 INFO [PROFANITY] Detected "motherfucker" at 01:28.726 - 01:32.684
2026-08-21 13:04:17 INFO [PROFANITY] Detected "cock" at 01:33.511 - 01:36.058
2026-08-21 13:04:17 INFO [PROFANITY] Detected "cock" at 01:28.726 - 01:32.684
2026-08-21 13:04:17 INFO [PROFANITY] Detected "cock" at 01:33.511 - 01:36.058
2026-08-21 13:04:17 INFO [PROFANITY] Detected "cock" at 01:27.766 - 01:31.724
2026-08-21 13:04:17 INFO [PROFANITY] Detected "cock" at 01:32.551 - 01:35.098
2026-08-21 13:04:17 INFO [PROFANITY] Detected "cock" at 01:27.766 - 01:31.724
2026-08-21 13:04:17 INFO [PROFANITY] Detected "cock" at 01:32.551 - 01:35.098
2026-08-21 13:04:17 INFO [PROFANITY] Detected "god" at 00:31.128 - 00:32.305
2026-08-21 13:04:17 INFO [PROFANITY] Detected "slut" at 00:33.305 - 00:33.805
2026-08-21 13:04:17 INFO [PROFANITY] Detected "fuck" at 00:34.625 - 00:36.018
2026-08-21 13:04:17 INFO [PROFANITY] Detected "bitch" at 00:36.711 - 00:39.665
2026-08-21 13:04:17 INFO [PROFANITY] Detected "god" at 00:31.128 - 00:32.305
2026-08-21 13:04:17 INFO [PROFANITY] Detected "slut" at 00:33.305 - 00:33.805
2026-08-21 13:04:17 INFO [PROFANITY] Detected "fuck" at 00:34.625 - 00:36.018
2026-08-21 13:04:17 INFO [PROFANITY] Detected "bitch" at 00:36.711 - 00:37.418
2026-08-21 13:04:17 INFO [PROFANITY] Detected "ass" at 00:00.000 - 00:00.010
2026-08-21 13:04:17 INFO [PROFANITY] Detected "ass" at 00:00.040 - 00:00.050
2026-08-21 13:04:17 INFO [PROFANITY] Detected "god" at 01:08.130 - 01:08.463
2026-08-21 13:04:17 INFO [PROFANITY] Detected "goddamn" at 01:08.678 - 01:10.448
2026-08-21 13:04:17 INFO [PROFANITY] Detected "bastard" at 01:10.714 - 01:12.282
2026-08-21 13:04:17 INFO [PROFANITY] Detected "ass" at 00:00.040 - 00:00.050
2026-08-21 13:04:17 INFO [PROFANITY] Detected "ass" at 00:00.060 - 00:00.070
2026-08-21 13:04:17 INFO [PROFANITY] Detected "dick" at 00:08.174 - 00:08.823
2026-08-21 13:04:17 INFO [PROFANITY] Detected "motherfucker" at 00:09.146 - 00:09.375
2026-08-21 13:04:17 INFO [PROFANITY] Detected "ass" at 00:00.020 - 00:00.030
2026-08-21 13:04:17 INFO [PROFANITY] Detected "dick" at 01:34.364 - 01:35.570
2026-08-21 13:04:17 INFO [PROFANITY] Detected "ass" at 00:00.060 - 00:00.070
2026-08-21 13:04:17 INFO [PROFANITY] Detected "bitch" at 00:58.204 - 01:01.963
2026-08-21 13:04:17 INFO [PROFANITY] Detected "bastard" at 01:02.701 - 01:07.255
2026-08-21 13:04:17 INFO [PROFANITY] Detected "jesus" at 01:07.480 - 01:09.534
2026-08-21 13:04:17 INFO [PROFANITY] Detected "goddamn" at 01:10.269 - 01:14.368
2026-08-21 13:04:17 INFO [PROFANITY] Detected "ass" at 00:00.000 - 00:00.010
2026-08-21 13:04:17 INFO [PROFANITY] Detected "ass" at 00:00.020 - 00:00.030
2026-08-21 13:04:17 INFO [PROFANITY] Detected "ass" at 00:00.040 - 00:00.050
2026-08-21 13:04:17 INFO [PROFANITY] Detected "hell" at 00:04.841 - 00:09.128
2026-08-21 13:04:17 INFO [PROFANITY] Detected "christ" at 00:09.207 - 00:10.313
2026-08-21 13:04:17 INFO [PROFANITY] Detected "bollocks" at 00:10.944 - 00:15.296
2026-08-21 13:04:17 INFO [PROFANITY] Detected "hell" at 00:04.841 - 00:09.128
2026-08-21 13:04:17 INFO [PROFANITY] Detected "christ" at 00:09.207 - 00:10.313
2026-08-21 13:04:17 INFO [PROFANITY] Detected "hell" at 00:10.944 - 00:15.296
2026-08-21 13:04:17 INFO [PROFANITY] Detected "christ" at 00:04.841 - 00:09.128
2026-08-21 13:04:17 INFO [PROFANITY] Detected "christ" at 00:09.207 - 00:10.313
2026-08-21 13:04:17 INFO [PROFANITY] Detected "hell" at 00:10.944 - 00:15.296
2026-08-21 13:04:17 INFO [PROFANITY] Detected "christ" at 00:04.841 - 00:09.128
2026-08-21 13:04:17 INFO [PROFANITY] Detected "christ" at 00:09.207 - 00:10.313
2026-08-21 13:04:17 INFO [PROFANITY] Detected "hell" at 00:10.944 - 00:15.296
2026-08-21 13:04:17 INFO [PROFANITY] Detected "christ" at 00:04.841 - 00:09.128
2026-08-21 13:04:17 INFO [PROFANITY] Detected "christ" at 00:09.207 - 00:10.313
2026-08-21 13:04:17 INFO [PROFANITY] Detected "christ" at 00:10.944 - 00:15.296
2026-08-21 13:04:17 INFO [PROFANITY] Detected "christ" at 00:04.841 - 00:09.128
2026-08-21 13:04:17 INFO [PROFANITY] Detected "christ" at 00:09.207 - 00:10.313
2026-08-21 13:04:17 INFO [PROFANITY] Detected "christ" at 00:10.323 - 00:14.676
2026-08-21 13:04:17 INFO [PROFANITY] Detected "ass" at 00:00.040 - 00:00.050
2026-08-21 13:04:17 INFO [PROFANITY] Detected "ass" at 00:00.060 - 00:00.070
2026-08-21 13:04:17 INFO [PROFANITY] Detected "ass" at 00:00.080 - 00:00.090
2026-08-21 13:04:17 INFO [PROFANITY] Detected "motherfucker" at 00:05.918 - 00:07.515
2026-08-21 13:04:17 INFO [PROFANITY] Detected "god" at 00:07.525 - 00:12.463
2026-08-21 13:04:17 INFO [PROFANITY] Detected "shit" at 00:13.059 - 00:13.559
2026-08-21 13:04:17 INFO [PROFANITY] Detected "motherfucker" at 00:05.918 - 00:07.515
2026-08-21 13:04:17 INFO [PROFANITY] Detected "god" at 00:07.525 - 00:12.463
2026-08-21 13:04:17 INFO [PROFANITY] Detected "shit" at 00:13.059 - 00:13.559
2026-08-21 13:04:17 INFO [PROFANITY] Detected "motherfucker" at 00:06.043 - 00:07.640
2026-08-21 13:04:17 INFO [PROFANITY] Detected "god" at 00:07.650 - 00:12.588
2026-08-21 13:04:17 INFO [PROFANITY] Detected "shit" at 00:13.184 - 00:13.684
2026-08-21 13:04:17 INFO [PROFANITY] Detected "motherfucker" at 00:06.043 - 00:07.640
2026-08-21 13:04:17 INFO [PROFANITY] Detected "god" at 00:07.650 - 00:12.588
2026-08-21 13:04:17 INFO [PROFANITY] Detected "motherfucker" at 00:13.184 - 00:13.684
2026-08-21 13:04:17 INFO [PROFANITY] Detected "motherfucker" at 00:06.043 - 00:07.640
2026-08-21 13:04:17 INFO [PROFANITY] Detected "god" at 00:07.650 - 00:12.588
2026-08-21 13:04:17 INFO [PROFANITY] Detected "god" at 00:06.043 - 00:07.640
2026-08-21 13:04:17 INFO [PROFANITY] Detected "god" at 00:07.650 - 00:12.588
2026-08-21 13:04:17 INFO [PROFANITY] Detected "bullshit" at 01:27.105 - 01:31.217
2026-08-21 13:04:17 INFO [PROFANITY] Detected "nigger" at 01:32.075 - 01:32.291
2026-08-21 13:04:17 INFO [PROFANITY] Detected "shit" at 01:32.380 - 01:33.760
2026-08-21 13:04:17 INFO [PROFANITY] Detected "whore" at 01:34.270 - 01:34.470
2026-08-21 13:04:17 INFO [PROFANITY] Detected "bullshit" at 01:27.105 - 01:31.217
2026-08-21 13:04:17 INFO [PROFANITY] Detected "nigger" at 01:32.075 - 01:32.291
2026-08-21 13:04:17 INFO [PROFANITY] Detected "shit" at 01:32.380 - 01:33.760
2026-08-21 13:04:17 INFO [PROFANITY] Detected "whore" at 01:34.270 - 01:34.470
2026-08-21 13:04:17 INFO [PROFANITY] Detected "bullshit" at 01:27.105 - 01:31.217
2026-08-21 13:04:17 INFO [PROFANITY] Detected "nigger" at 01:32.075 - 01:32.291
2026-08-21 13:04:17 INFO [PROFANITY] Detected "shit" at 01:32.380 - 01:33.760
2026-08-21 13:04:17 INFO [PROFANITY] Detected "whore" at 01:34.270 - 01:34.470
2026-08-21 13:04:17 INFO [PROFANITY] Detected "whore" at 01:27.105 - 01:31.217
2026-08-21 13:04:17 INFO [PROFANITY] Detected "nigger" at 01:32.075 - 01:32.291
2026-08-21 13:04:17 INFO [PROFANITY] Detected "shit" at 01:32.380 - 01:33.760
2026-08-21 13:04:17 INFO [PROFANITY] Detected "whore" at 01:34.270 - 01:34.470
2026-08-21 13:04:17 INFO [PROFANITY] Detected "whore" at 01:27.105 - 01:31.217
2026-08-21 13:04:17 INFO [PROFANITY] Detected "nigger" at 01:32.075 - 01:32.291
2026-08-21 13:04:17 INFO [PROFANITY] Detected "whore" at 01:32.380 - 01:33.760
2026-08-21 13:04:17 INFO [PROFANITY] Detected "whore" at 01:34.270 - 01:34.470
2026-08-21 13:04:17 INFO [PROFANITY] Detected "whore" at 01:26.000 - 01:30.111
2026-08-21 13:04:17 INFO [PROFANITY] Detected "nigger" at 01:30.970 - 01:31.185
2026-08-21 13:04:17 INFO [PROFANITY] Detected "whore" at 01:31.274 - 01:32.655
2026-08-21 13:04:17 INFO [PROFANITY] Detected "whore" at 01:33.165 - 01:33.365
2026-08-21 13:04:17 INFO [PROFANITY] Detected "christ" at 00:11.351 - 00:16.184
2026-08-21 13:04:17 INFO [PROFANITY] Detected "nigger" at 00:16.405 - 00:17.704
2026-08-21 13:04:17 INFO [PROFANITY] Detected "wanker" at 00:18.204 - 00:18.704
2026-08-21 13:04:17 INFO [PROFANITY] Detected "christ" at 00:11.351 - 00:16.184
2026-08-21 13:04:17 INFO [PROFANITY] Detected "wanker" at 00:16.405 - 00:17.704
2026-08-21 13:04:17 INFO [PROFANITY] Detected "wanker" at 00:18.204 - 00:18.704
2026-08-21 13:04:17 INFO [PROFANITY] Detected "christ" at 00:08.950 - 00:13.783
2026-08-21 13:04:17 INFO [PROFANITY] Detected "wanker" at 00:14.004 - 00:15.303
2026-08-21 13:04:17 INFO [PROFANITY] Detected "wanker" at 00:15.803 - 00:16.303
2026-08-21 13:04:17 INFO [PROFANITY] Detected "wanker" at 00:08.950 - 00:13.783
2026-08-21 13:04:17 INFO [PROFANITY] Detected "wanker" at 00:14.004 - 00:15.303
2026-08-21 13:04:17 INFO [PROFANITY] Detected "wanker" at 00:15.803 - 00:16.303
2026-08-21 13:04:17 INFO [PROFANITY] Detected "wanker" at 00:08.950 - 00:13.783
2026-08-21 13:04:17 INFO [PROFANITY] Detected "wanker" at 00:14.004 - 00:15.303
2026-08-21 13:04:17 INFO [PROFANITY] Detected "wanker" at 00:15.803 - 00:16.303
2026-08-21 13:04:17 INFO [PROFANITY] Detected "wanker" at 00:08.950 - 00:13.783
2026-08-21 13:04:17 INFO [PROFANITY] Detected "wanker" at 00:14.004 - 00:15.303
2026-08-21 13:04:17 INFO [PROFANITY] Detected "wanker" at 00:15.803 - 00:16.303
2026-08-21 13:04:17 INFO [PROFANITY] Detected "wanker" at 00:08.950 - 00:13.783
2026-08-21 13:04:17 INFO [PROFANITY] Detected "wanker" at 00:14.004 - 00:15.303
2026-08-21 13:04:17 INFO [PROFANITY] Detected "wanker" at 00:15.803 - 00:16.303
2026-08-21 13:04:17 INFO [PROFANITY] Detected "slut" at 00:59.513 - 01:02.228
2026-08-21 13:04:17 INFO [PROFANITY] Detected "nigger" at 01:02.728 - 01:03.960
2026-08-21 13:04:17 INFO [PROFANITY] Detected "hell" at 01:04.960 - 01:07.769
2026-08-21 13:04:17 INFO [PROFANITY] Detected "hell" at 01:08.103 - 01:11.931
2026-08-21 13:04:17 INFO [PROFANITY] Detected "slut" at 00:59.513 - 01:02.228
2026-08-21 13:04:17 INFO [PROFANITY] Detected "nigger" at 01:02.728 - 01:03.960
2026-08-21 13:04:17 INFO [PROFANITY] Detected "hell" at 01:04.960 - 01:07.769
2026-08-21 13:04:17 INFO [PROFANITY] Detected "hell" at 01:08.103 - 01:11.931
2026-08-21 13:04:17 INFO [PROFANITY] Detected "slut" at 00:59.513 - 01:02.228
2026-08-21 13:04:17 INFO [PROFANITY] Detected "nigger" at 01:02.728 - 01:03.960
2026-08-21 13:04:17 INFO [PROFANITY] Detected "hell" at 01:04.960 - 01:07.769
2026-08-21 13:04:17 INFO [PROFANITY] Detected "hell" at 01:08.103 - 01:11.931
2026-08-21 13:04:17 INFO [PROFANITY] Detected "slut" at 00:59.513 - 01:02.228
2026-08-21 13:04:17 INFO [PROFANITY] Detected "nigger" at 01:02.728 - 01:03.960
2026-08-21 13:04:17 INFO [PROFANITY] Detected "hell" at 01:03.970 - 01:06.779
2026-08-21 13:04:17 INFO [PROFANITY] Detected "hell" at 01:07.113 - 01:10.941
2026-08-21 13:04:17 INFO [PROFANITY] Detected "slut" at 00:10.923 - 00:13.638
2026-08-21 13:04:17 INFO [PROFANITY] Detected "nigger" at 00:14.138 - 00:15.370
2026-08-21 13:04:17 INFO [PROFANITY] Detected "hell" at 00:15.380 - 00:18.190
2026-08-21 13:04:17 INFO [PROFANITY] Detected "hell" at 00:18.523 - 00:22.351
2026-08-21 13:04:17 INFO [PROFANITY] Detected "slut" at 00:10.923 - 00:13.638
2026-08-21 13:04:17 INFO [PROFANITY] Detected "nigger" at 00:14.138 - 00:15.370
2026-08-21 13:04:17 INFO [PROFANITY] Detected "hell" at 00:15.380 - 00:18.190
2026-08-21 13:04:17 INFO [PROFANITY] Detected "hell" at 00:18.523 - 00:22.351
2026-08-21 13:04:17 INFO [PROFANITY] Detected "slut" at 00:10.923 - 00:13.638
2026-08-21 13:04:17 INFO [PROFANITY] Detected "nigger" at 00:14.138 - 00:15.370
2026-08-21 13:04:17 INFO [PROFANITY] Detected "hell" at 00:15.380 - 00:18.190
2026-08-21 13:04:17 INFO [PROFANITY] Detected "hell" at 00:18.523 - 00:22.351
2026-08-21 13:04:17 INFO [PROFANITY] Detected "bollocks" at 01:01.418 - 01:02.418
2026-08-21 13:04:17 INFO [PROFANITY] Detected "bollocks" at 01:01.418 - 01:02.418
2026-08-21 13:04:17 INFO [PROFANITY] Detected "bollocks" at 01:01.418 - 01:02.295
2026-08-21 13:04:17 INFO [PROFANITY] Detected "bollocks" at 00:14.007 - 00:14.885
2026-08-21 13:04:17 INFO [PROFANITY] Detected "bollocks" at 00:14.007 - 00:14.885
2026-08-21 13:04:17 INFO [PROFANITY] Detected "bollocks" at 00:14.007 - 00:14.885
2026-08-21 13:04:17 INFO [PROFANITY] Detected "bitch" at 00:10.439 - 00:13.850
2026-08-21 13:04:17 INFO [PROFANITY] Detected "bollocks" at 01:00.148 - 01:01.148
2026-08-21 13:04:17 INFO [PROFANITY] Detected "whore" at 01:01.866 - 01:05.100
2026-08-21 13:04:17 INFO [PROFANITY] Detected "ass" at 01:05.542 - 01:10.261
2026-08-21 13:04:17 INFO [PROFANITY] Detected "jackass" at 01:10.428 - 01:11.428
2026-08-21 13:04:17 INFO [PROFANITY] Detected "bollocks" at 01:00.148 - 01:01.148
2026-08-21 13:04:17 INFO [PROFANITY] Detected "whore" at 01:01.866 - 01:05.100
2026-08-21 13:04:17 INFO [PROFANITY] Detected "bollocks" at 01:00.148 - 01:01.148
2026-08-21 13:04:17 INFO [PROFANITY] Detected "whore" at 01:01.866 - 01:05.100
2026-08-21 13:04:17 INFO [PROFANITY] Detected "bollocks" at 01:00.148 - 01:01.148
2026-08-21 13:04:17 INFO [PROFANITY] Detected "whore" at 01:01.866 - 01:05.100
2026-08-21 13:04:17 INFO [PROFANITY] Detected "bollocks" at 01:00.148 - 01:01.148
2026-08-21 13:04:17 INFO [PROFANITY] Detected "whore" at 01:01.866 - 01:05.100
2026-08-21 13:04:17 INFO [PROFANITY] Detected "whore" at 01:00.148 - 01:01.148
2026-08-21 13:04:17 INFO [PROFANITY] Detected "whore" at 01:01.866 - 01:05.100
2026-08-21 13:04:18 INFO [PROFANITY] Detected "whore" at 01:00.148 - 01:01.148
2026-08-21 13:04:18 INFO [PROFANITY] Detected "whore" at 01:01.866 - 01:05.100
2026-08-21 13:04:18 INFO [PROFANITY] Detected "damn" at 00:56.425 - 00:56.519
2026-08-21 13:04:18 INFO [PROFANITY] Detected "cock" at 00:56.928 - 00:58.333
2026-08-21 13:04:18 INFO [PROFANITY] Detected "damn" at 00:56.425 - 00:56.519
2026-08-21 13:04:18 INFO [PROFANITY] Detected "damn" at 00:56.928 - 00:58.333
2026-08-21 13:04:18 INFO [PROFANITY] Detected "damn" at 00:56.425 - 00:56.519
2026-08-21 13:04:18 INFO [PROFANITY] Detected "damn" at 00:56.529 - 00:57.934
2026-08-21 13:04:18 INFO [PROFANITY] Detected "damn" at 00:53.506 - 00:53.600
2026-08-21 13:04:18 INFO [PROFANITY] Detected "damn" at 00:53.610 - 00:55.015
2026-08-21 13:04:18 INFO [PROFANITY] Detected "damn" at 00:53.506 - 00:53.600
2026-08-21 13:04:18 INFO [PROFANITY] Detected "damn" at 00:53.610 - 00:55.015
2026-08-21 13:04:18 INFO [PROFANITY] Detected "damn" at 00:53.996 - 00:54.090
2026-08-21 13:04:18 INFO [PROFANITY] Detected "damn" at 00:54.100 - 00:55.505
2026-08-21 13:04:18 INFO [PROFANITY] Detected "ass" at 01:15.485 - 01:16.137
2026-08-21 13:04:18 INFO [PROFANITY] Detected "whore" at 01:16.355 - 01:19.328
2026-08-21 13:04:18 INFO [PROFANITY] Detected "god" at 01:19.591 - 01:20.091
2026-08-21 13:04:18 INFO [PROFANITY] Detected "damn" at 01:20.972 - 01:21.375
2026-08-21 13:04:18 INFO [PROFANITY] Detected "ass" at 01:15.485 - 01:16.137
2026-08-21 13:04:18 INFO [PROFANITY] Detected "whore" at 01:16.355 - 01:19.328
2026-08-21 13:04:18 INFO [PROFANITY] Detected "god" at 01:19.591 - 01:20.091
2026-08-21 13:04:18 INFO [PROFANITY] Detected "damn" at 01:20.972 - 01:21.375
2026-08-21 13:04:18 INFO [PROFANITY] Detected "ass" at 01:15.485 - 01:16.137
2026-08-21 13:04:18 INFO [PROFANITY] Detected "whore" at 01:16.355 - 01:19.328
2026-08-21 13:04:18 INFO [PROFANITY] Detected "ass" at 01:15.485 - 01:16.137
2026-08-21 13:04:18 INFO [PROFANITY] Detected "whore" at 01:16.355 - 01:19.328
2026-08-21 13:04:18 INFO [PROFANITY] Detected "ass" at 01:15.485 - 01:16.137
2026-08-21 13:04:18 INFO [PROFANITY] Detected "ass" at 01:16.355 - 01:19.328
2026-08-21 13:04:18 INFO [PROFANITY] Detected "ass" at 01:15.485 - 01:16.137
2026-08-21 13:04:18 INFO [PROFANITY] Detected "ass" at 01:16.355 - 01:19.328
2026-08-21 13:04:18 INFO [PROFANITY] Detected "god" at 00:06.000 - 00:08.169
2026-08-21 13:04:18 INFO [PROFANITY] Detected "prick" at 00:08.426 - 00:12.366
2026-08-21 13:04:18 INFO [PROFANITY] Detected "motherfucker" at 00:12.769 - 00:16.842
2026-08-21 13:04:18 INFO [PROFANITY] Detected "jackass" at 00:17.657 - 00:19.921
2026-08-21 13:04:18 INFO [PROFANITY] Detected "god" at 00:06.000 - 00:08.169
2026-08-21 13:04:18 INFO [PROFANITY] Detected "god" at 00:02.719 - 00:04.888
2026-08-21 13:04:18 INFO [PROFANITY] Detected "god" at 00:02.719 - 00:04.888
2026-08-21 13:04:18 INFO [PROFANITY] Detected "god" at 00:02.537 - 00:04.706
2026-08-21 13:04:18 INFO [PROFANITY] Detected "god" at 00:02.537 - 00:04.706
2026-08-21 13:04:18 INFO [PROFANITY] Detected "god" at 00:02.537 - 00:04.706
2026-08-21 13:04:18 INFO [PROFANITY] Detected "jackass" at 00:26.048 - 00:26.681
2026-08-21 13:04:18 INFO [PROFANITY] Detected "slut" at 00:27.591 - 00:27.925
2026-08-21 13:04:18 INFO [PROFANITY] Detected "wanker" at 00:27.939 - 00:30.201
2026-08-21 13:04:18 INFO [PROFANITY] Detected "jackass" at 00:26.048 - 00:26.681
2026-08-21 13:04:18 INFO [PROFANITY] Detected "slut" at 00:27.591 - 00:27.925
2026-08-21 13:04:18 INFO [PROFANITY] Detected "wanker" at 00:27.939 - 00:30.201
2026-08-21 13:04:18 INFO [PROFANITY] Detected "jackass" at 00:26.048 - 00:26.681
2026-08-21 13:04:18 INFO [PROFANITY] Detected "slut" at 00:27.591 - 00:27.925
2026-08-21 13:04:18 INFO [PROFANITY] Detected "wanker" at 00:27.939 - 00:30.201
2026-08-21 13:04:18 INFO [PROFANITY] Detected "jackass" at 00:26.048 - 00:26.681
2026-08-21 13:04:18 INFO [PROFANITY] Detected "slut" at 00:27.591 - 00:27.925
2026-08-21 13:04:18 INFO [PROFANITY] Detected "wanker" at 00:27.939 - 00:30.201
2026-08-21 13:04:18 INFO [PROFANITY] Detected "jackass" at 00:26.048 - 00:26.681
2026-08-21 13:04:18 INFO [PROFANITY] Detected "slut" at 00:27.591 - 00:27.925
2026-08-21 13:04:18 INFO [PROFANITY] Detected "wanker" at 00:27.939 - 00:30.201
2026-08-21 13:04:18 INFO [PROFANITY] Detected "jackass" at 00:26.048 - 00:26.681
2026-08-21 13:04:18 INFO [PROFANITY] Detected "slut" at 00:27.591 - 00:27.925
2026-08-21 13:04:18 INFO [PROFANITY] Detected "wanker" at 00:27.939 - 00:30.201
2026-08-21 13:04:18 INFO [PROFANITY] Detected "jackass" at 00:26.048 - 00:26.681
2026-08-21 13:04:18 INFO [PROFANITY] Detected "jackass" at 00:27.591 - 00:27.925
2026-08-21 13:04:18 INFO [PROFANITY] Detected "wanker" at 00:27.939 - 00:30.201
2026-08-21 13:04:18 INFO [PROFANITY] Detected "jesus" at 01:39.915 - 01:41.576
2026-08-21 13:04:18 INFO [PROFANITY] Detected "bastard" at 01:42.508 - 01:42.569
2026-08-21 13:04:18 INFO [PROFANITY] Detected "jesus" at 01:39.915 - 01:41.576
2026-08-21 13:04:18 INFO [PROFANITY] Detected "bastard" at 01:42.508 - 01:42.569
2026-08-21 13:04:18 INFO [PROFANITY] Detected "jesus" at 01:39.915 - 01:40.115
2026-08-21 13:04:18 INFO [PROFANITY] Detected "bastard" at 01:41.047 - 01:41.108
2026-08-21 13:04:18 INFO [PROFANITY] Detected "jesus" at 01:39.915 - 01:40.115
2026-08-21 13:04:18 INFO [PROFANITY] Detected "bastard" at 01:40.615 - 01:40.676
2026-08-21 13:04:18 INFO [PROFANITY] Detected "jesus" at 01:40.175 - 01:40.375
2026-08-21 13:04:18 INFO [PROFANITY] Detected "bastard" at 01:40.875 - 01:40.936
2026-08-21 13:04:18 INFO [PROFANITY] Detected "jesus" at 01:40.175 - 01:40.375
2026-08-21 13:04:18 INFO [PROFANITY] Detected "bastard" at 01:40.875 - 01:40.936
2026-08-21 13:04:18 INFO [PROFANITY] Detected "bastard" at 00:08.736 - 00:12.341
2026-08-21 13:04:18 INFO [PROFANITY] Detected "bastard" at 00:07.746 - 00:11.351
2026-08-21 13:04:18 INFO [PROFANITY] Detected "bastard" at 00:00.952 - 00:04.557
2026-08-21 13:04:18 INFO [PROFANITY] Detected "bastard" at 00:00.051 - 00:03.656
2026-08-21 13:04:18 INFO [PROFANITY] Detected "bastard" at 00:00.020 - 00:03.625
2026-08-21 13:04:18 INFO [PROFANITY] Detected "god" at 00:01.110 - 00:02.682
2026-08-21 13:04:18 INFO [PROFANITY] Detected "twat" at 00:03.182 - 00:06.993
2026-08-21 13:04:18 INFO [PROFANITY] Detected "damn" at 00:07.262 - 00:11.757
2026-08-21 13:04:18 INFO [PROFANITY] Detected "god" at 00:01.110 - 00:02.682
2026-08-21 13:04:18 INFO [PROFANITY] Detected "twat" at 00:03.182 - 00:06.993
2026-08-21 13:04:18 INFO [PROFANITY] Detected "damn" at 00:07.262 - 00:11.757
2026-08-21 13:04:18 INFO [PROFANITY] Detected "damn" at 00:01.110 - 00:02.682
2026-08-21 13:04:18 INFO [PROFANITY] Detected "twat" at 00:03.182 - 00:06.993
2026-08-21 13:04:18 INFO [PROFANITY] Detected "damn" at 00:07.262 - 00:11.757
2026-08-21 13:04:18 INFO [PROFANITY] Detected "damn" at 00:01.110 - 00:02.682
2026-08-21 13:04:18 INFO [PROFANITY] Detected "twat" at 00:03.182 - 00:06.993
2026-08-21 13:04:18 INFO [PROFANITY] Detected "damn" at 00:07.262 - 00:11.757
2026-08-21 13:04:18 INFO [PROFANITY] Detected "damn" at 00:01.110 - 00:02.682
2026-08-21 13:04:18 INFO [PROFANITY] Detected "twat" at 00:03.182 - 00:06.993
2026-08-21 13:04:18 INFO [PROFANITY] Detected "damn" at 00:07.262 - 00:11.757
2026-08-21 13:04:18 INFO [PROFANITY] Detected "damn" at 00:01.110 - 00:02.682
2026-08-21 13:04:18 INFO [PROFANITY] Detected "twat" at 00:03.182 - 00:06.993
2026-08-21 13:04:18 INFO [PROFANITY] Detected "damn" at 00:07.262 - 00:11.757
2026-08-21 13:04:18 INFO [PROFANITY] Detected "god" at 00:00.000 - 00:01.156
2026-08-21 13:04:18 INFO [PROFANITY] Detected "cunt" at 00:02.156 - 00:05.561
2026-08-21 13:04:18 INFO [PROFANITY] Detected "whore" at 00:05.900 - 00:07.358
2026-08-21 13:04:18 INFO [PROFANITY] Detected "god" at 00:00.000 - 00:01.156
2026-08-21 13:04:18 INFO [PROFANITY] Detected "cunt" at 00:02.156 - 00:05.561
2026-08-21 13:04:18 INFO [PROFANITY] Detected "whore" at 00:05.900 - 00:07.358
2026-08-21 13:04:18 INFO [PROFANITY] Detected "cunt" at 00:00.000 - 00:01.156
2026-08-21 13:04:18 INFO [PROFANITY] Detected "cunt" at 00:02.156 - 00:05.561
2026-08-21 13:04:18 INFO [PROFANITY] Detected "whore" at 00:05.900 - 00:07.358
2026-08-21 13:04:18 INFO [PROFANITY] Detected "cunt" at 00:00.000 - 00:01.156
2026-08-21 13:04:18 INFO [PROFANITY] Detected "cunt" at 00:02.156 - 00:05.561
2026-08-21 13:04:18 INFO [PROFANITY] Detected "whore" at 00:05.900 - 00:07.358
2026-08-21 13:04:18 INFO [PROFANITY] Detected "cunt" at 00:00.000 - 00:01.156
2026-08-21 13:04:18 INFO [PROFANITY] Detected "cunt" at 00:00.000 - 00:01.156
2026-08-21 13:04:18 INFO [PROFANITY] Detected "cunt" at 00:00.000 - 00:00.333
2026-08-21 13:04:18 INFO [PROFANITY] Detected "whore" at 01:08.666 - 01:10.096
2026-08-21 13:04:18 INFO [PROFANITY] Detected "cunt" at 01:10.137 - 01:14.845
2026-08-21 13:04:18 INFO [PROFANITY] Detected "bitch" at 01:15.334 - 01:18.694
2026-08-21 13:04:18 INFO [PROFANITY] Detected "whore" at 01:19.577 - 01:22.855
2026-08-21 13:04:18 INFO [PROFANITY] Detected "cunt" at 01:08.666 - 01:10.096
2026-08-21 13:04:18 INFO [PROFANITY] Detected "cunt" at 01:10.137 - 01:14.845
2026-08-21 13:04:18 INFO [PROFANITY] Detected "bitch" at 01:15.334 - 01:18.694
2026-08-21 13:04:18 INFO [PROFANITY] Detected "whore" at 01:19.577 - 01:22.855
2026-08-21 13:04:18 INFO [PROFANITY] Detected "cunt" at 01:08.666 - 01:10.096
2026-08-21 13:04:18 INFO [PROFANITY] Detected "cunt" at 01:10.137 - 01:14.845
2026-08-21 13:04:18 INFO [PROFANITY] Detected "bitch" at 01:15.334 - 01:18.694
2026-08-21 13:04:18 INFO [PROFANITY] Detected "whore" at 01:19.577 - 01:22.855
2026-08-21 13:04:18 INFO [PROFANITY] Detected "cunt" at 01:08.666 - 01:10.096
2026-08-21 13:04:18 INFO [PROFANITY] Detected "cunt" at 01:10.137 - 01:14.845
2026-08-21 13:04:18 INFO [PROFANITY] Detected "cunt" at 01:15.334 - 01:18.694
2026-08-21 13:04:18 INFO [PROFANITY] Detected "whore" at 01:19.577 - 01:22.855
2026-08-21 13:04:18 INFO [PROFANITY] Detected "bitch" at 01:04.669 - 01:06.213
2026-08-21 13:04:18 INFO [PROFANITY] Detected "bastard" at 01:06.545 - 01:07.244
2026-08-21 13:04:18 INFO [PROFANITY] Detected "bastard" at 01:07.444 - 01:07.983
2026-08-21 13:04:18 INFO [PROFANITY] Detected "cunt" at 01:08.666 - 01:10.096
2026-08-21 13:04:18 INFO [PROFANITY] Detected "bitch" at 01:04.669 - 01:06.213
2026-08-21 13:04:18 INFO [PROFANITY] Detected "bastard" at 01:06.545 - 01:07.244
2026-08-21 13:04:18 INFO [PROFANITY] Detected "bastard" at 01:07.444 - 01:07.983
2026-08-21 13:04:18 INFO [PROFANITY] Detected "bastard" at 01:08.666 - 01:10.096
2026-08-21 13:04:18 INFO [PROFANITY] Detected "bitch" at 01:04.669 - 01:06.213
2026-08-21 13:04:18 INFO [PROFANITY] Detected "jackass" at 00:43.199 - 00:45.837
2026-08-21 13:04:18 INFO [PROFANITY] Detected "bullshit" at 00:46.434 - 00:47.534
2026-08-21 13:04:18 INFO [PROFANITY] Detected "god" at 00:48.321 - 00:49.959
2026-08-21 13:04:18 INFO [PROFANITY] Detected "shit" at 00:50.292 - 00:50.344
2026-08-21 13:04:18 INFO [PROFANITY] Detected "jackass" at 00:43.199 - 00:45.837
2026-08-21 13:04:18 INFO [PROFANITY] Detected "bullshit" at 00:46.434 - 00:47.534
2026-08-21 13:04:18 INFO [PROFANITY] Detected "god" at 00:48.321 - 00:49.959
2026-08-21 13:04:18 INFO [PROFANITY] Detected "shit" at 00:50.292 - 00:50.344
2026-08-21 13:04:18 INFO [PROFANITY] Detected "jackass" at 00:43.199 - 00:45.837
2026-08-21 13:04:18 INFO [PROFANITY] Detected "bullshit" at 00:46.434 - 00:47.534
2026-08-21 13:04:18 INFO [PROFANITY] Detected "god" at 00:48.321 - 00:49.959
2026-08-21 13:04:18 INFO [PROFANITY] Detected "shit" at 00:50.292 - 00:50.344
2026-08-21 13:04:18 INFO [PROFANITY] Detected "jackass" at 00:43.199 - 00:45.837
2026-08-21 13:04:18 INFO [PROFANITY] Detected "jackass" at 00:46.434 - 00:47.534
2026-08-21 13:04:18 INFO [PROFANITY] Detected "god" at 00:48.321 - 00:49.959
2026-08-21 13:04:18 INFO [PROFANITY] Detected "shit" at 00:50.292 - 00:50.344
2026-08-21 13:04:18 INFO [PROFANITY] Detected "jackass" at 00:43.199 - 00:45.837
2026-08-21 13:04:18 INFO [PROFANITY] Detected "jackass" at 00:46.434 - 00:47.534
2026-08-21 13:04:18 INFO [PROFANITY] Detected "god" at 00:48.321 - 00:49.108
2026-08-21 13:04:18 INFO [PROFANITY] Detected "shit" at 00:49.442 - 00:49.493
2026-08-21 13:04:18 INFO [PROFANITY] Detected "jackass" at 00:43.199 - 00:45.837
2026-08-21 13:04:18 INFO [PROFANITY] Detected "god" at 00:46.434 - 00:47.534
2026-08-21 13:04:18 INFO [PROFANITY] Detected "god" at 00:48.321 - 00:49.108
2026-08-21 13:04:18 INFO [PROFANITY] Detected "shit" at 00:49.442 - 00:49.493
2026-08-21 13:04:18 INFO [PROFANITY] Detected "jackass" at 00:43.199 - 00:45.837
2026-08-21 13:04:18 INFO [PROFANITY] Detected "god" at 00:46.434 - 00:47.534
2026-08-21 13:04:18 INFO [PROFANITY] Detected "god" at 00:48.321 - 00:49.108
2026-08-21 13:04:18 INFO [PROFANITY] Detected "jackass" at 00:49.442 - 00:49.493
2026-08-21 13:04:18 INFO [PROFANITY] Detected "bullshit" at 01:41.437 - 01:45.844
2026-08-21 13:04:18 INFO [PROFANITY] Detected "bullshit" at 01:46.344 - 01:48.007
2026-08-21 13:04:18 INFO [PROFANITY] Detected "bullshit" at 01:41.025 - 01:45.432
2026-08-21 13:04:18 INFO [PROFANITY] Detected "bullshit" at 01:45.932 - 01:47.596
2026-08-21 13:04:18 INFO [PROFANITY] Detected "bullshit" at 01:41.025 - 01:45.432
2026-08-21 13:04:18 INFO [PROFANITY] Detected "bullshit" at 01:45.932 - 01:47.596
2026-08-21 13:04:18 INFO [PROFANITY] Detected "bullshit" at 01:39.249 - 01:43.656
2026-08-21 13:04:18 INFO [PROFANITY] Detected "bullshit" at 01:44.156 - 01:45.820
2026-08-21 13:04:18 INFO [PROFANITY] Detected "bullshit" at 01:39.249 - 01:43.656
2026-08-21 13:04:18 INFO [PROFANITY] Detected "bullshit" at 01:44.156 - 01:45.820
2026-08-21 13:04:18 INFO [PROFANITY] Detected "bullshit" at 01:39.249 - 01:43.656
2026-08-21 13:04:18 INFO [PROFANITY] Detected "bullshit" at 01:44.156 - 01:45.820
2026-08-21 13:04:18 INFO [PROFANITY] Detected "bullshit" at 01:39.249 - 01:43.656
2026-08-21 13:04:18 INFO [PROFANITY] Detected "bullshit" at 01:44.156 - 01:45.820
2026-08-21 13:04:18 INFO [PROFANITY] Detected "hell" at 00:47.554 - 00:47.570
2026-08-21 13:04:18 INFO [PROFANITY] Detected "dick" at 00:48.484 - 00:49.248
2026-08-21 13:04:18 INFO [PROFANITY] Detected "hell" at 00:47.554 - 00:47.570
2026-08-21 13:04:18 INFO [PROFANITY] Detected "dick" at 00:48.484 - 00:49.248
2026-08-21 13:04:18 INFO [PROFANITY] Detected "dick" at 00:47.554 - 00:47.570
2026-08-21 13:04:18 INFO [PROFANITY] Detected "dick" at 00:48.484 - 00:49.248
2026-08-21 13:04:18 INFO [PROFANITY] Detected "dick" at 00:47.554 - 00:47.570
2026-08-21 13:04:18 INFO [PROFANITY] Detected "dick" at 00:47.880 - 00:48.645
2026-08-21 13:04:18 INFO [PROFANITY] Detected "dick" at 00:47.554 - 00:47.570
2026-08-21 13:04:18 INFO [PROFANITY] Detected "dick" at 00:47.880 - 00:48.645
2026-08-21 13:04:18 INFO [PROFANITY] Detected "dick" at 00:47.554 - 00:47.570
2026-08-21 13:04:18 INFO [PROFANITY] Detected "dick" at 00:47.880 - 00:48.645
2026-08-21 13:04:18 INFO [PROFANITY] Detected "dick" at 00:47.554 - 00:47.570
2026-08-21 13:04:18 INFO [PROFANITY] Detected "dick" at 00:47.880 - 00:48.645
2026-08-21 13:04:18 INFO [PROFANITY] Detected "motherfucker" at 00:48.492 - 00:52.289
2026-08-21 13:04:18 INFO [PROFANITY] Detected "motherfucker" at 00:48.492 - 00:52.289
2026-08-21 13:04:18 INFO [PROFANITY] Detected "motherfucker" at 00:46.290 - 00:50.087
2026-08-21 13:04:18 INFO [PROFANITY] Detected "motherfucker" at 00:46.290 - 00:50.087
2026-08-21 13:04:18 INFO [PROFANITY] Detected "christ" at 00:38.883 - 00:40.739
2026-08-21 13:04:18 INFO [PROFANITY] Detected "christ" at 00:38.883 - 00:40.739
2026-08-21 13:04:18 INFO [PROFANITY] Detected "wanker" at 00:36.926 - 00:41.419
2026-08-21 13:04:18 INFO [PROFANITY] Detected "motherfucker" at 00:42.419 - 00:47.419
2026-08-21 13:04:18 INFO [PROFANITY] Detected "hell" at 00:47.897 - 00:49.897
2026-08-21 13:04:18 INFO [PROFANITY] Detected "wanker" at 00:36.926 - 00:37.403
2026-08-21 13:04:18 INFO [PROFANITY] Detected "motherfucker" at 00:38.403 - 00:43.403
2026-08-21 13:04:18 INFO [PROFANITY] Detected "hell" at 00:43.881 - 00:45.881
2026-08-21 13:04:18 INFO [PROFANITY] Detected "wanker" at 00:36.926 - 00:37.403
2026-08-21 13:04:18 INFO [PROFANITY] Detected "motherfucker" at 00:38.403 - 00:43.403
2026-08-21 13:04:18 INFO [PROFANITY] Detected "wanker" at 00:36.926 - 00:37.403
2026-08-21 13:04:18 INFO [PROFANITY] Detected "motherfucker" at 00:38.403 - 00:43.403
2026-08-21 13:04:18 INFO [PROFANITY] Detected "wanker" at 00:36.926 - 00:37.403
2026-08-21 13:04:18 INFO [PROFANITY] Detected "motherfucker" at 00:38.403 - 00:43.403
2026-08-21 13:04:18 INFO [PROFANITY] Detected "bastard" at 00:33.950 - 00:36.130
2026-08-21 13:04:18 INFO [PROFANITY] Detected "wanker" at 00:36.926 - 00:37.403
2026-08-21 13:04:18 INFO [PROFANITY] Detected "bastard" at 00:33.950 - 00:36.130
2026-08-21 13:04:18 INFO [PROFANITY] Detected "wanker" at 00:36.926 - 00:37.358
2026-08-21 13:04:18 INFO [PROFANITY] Detected "damn" at 01:05.882 - 01:08.487
2026-08-21 13:04:18 INFO [PROFANITY] Detected "jesus" at 01:09.414 - 01:10.147
2026-08-21 13:04:18 INFO [PROFANITY] Detected "goddamn" at 01:10.159 - 01:11.435
2026-08-21 13:04:18 INFO [PROFANITY] Detected "jesus" at 01:12.139 - 01:13.129
2026-08-21 13:04:18 INFO [PROFANITY] Detected "damn" at 01:05.882 - 01:08.487
2026-08-21 13:04:18 INFO [PROFANITY] Detected "jesus" at 01:09.414 - 01:10.147
2026-08-21 13:04:18 INFO [PROFANITY] Detected "goddamn" at 01:10.159 - 01:10.864
2026-08-21 13:04:18 INFO [PROFANITY] Detected "jesus" at 01:11.568 - 01:12.557
2026-08-21 13:04:18 INFO [PROFANITY] Detected "damn" at 01:05.882 - 01:08.487
2026-08-21 13:04:18 INFO [PROFANITY] Detected "jesus" at 01:09.414 - 01:10.147
2026-08-21 13:04:18 INFO [PROFANITY] Detected "goddamn" at 01:10.159 - 01:10.864
2026-08-21 13:04:18 INFO [PROFANITY] Detected "jesus" at 01:11.568 - 01:12.557
2026-08-21 13:04:18 INFO [PROFANITY] Detected "damn" at 01:06.372 - 01:08.977
2026-08-21 13:04:18 INFO [PROFANITY] Detected "jesus" at 01:09.904 - 01:10.637
2026-08-21 13:04:18 INFO [PROFANITY] Detected "goddamn" at 01:10.649 - 01:11.354
2026-08-21 13:04:18 INFO [PROFANITY] Detected "jesus" at 01:12.058 - 01:13.047
2026-08-21 13:04:18 INFO [PROFANITY] Detected "damn" at 01:06.372 - 01:08.977
2026-08-21 13:04:18 INFO [PROFANITY] Detected "jesus" at 01:09.682 - 01:10.414
2026-08-21 13:04:18 INFO [PROFANITY] Detected "goddamn" at 01:10.427 - 01:11.131
2026-08-21 13:04:18 INFO [PROFANITY] Detected "jesus" at 01:11.835 - 01:12.825
2026-08-21 13:04:18 INFO [PROFANITY] Detected "christ" at 01:01.204 - 01:04.447
2026-08-21 13:04:18 INFO [PROFANITY] Detected "christ" at 01:04.947 - 01:05.447
2026-08-21 13:04:18 INFO [PROFANITY] Detected "damn" at 01:06.372 - 01:08.977
2026-08-21 13:04:18 INFO [PROFANITY] Detected "jesus" at 01:09.682 - 01:10.414
2026-08-21 13:04:18 INFO [PROFANITY] Detected "damn" at 01:01.204 - 01:04.447
2026-08-21 13:04:18 INFO [PROFANITY] Detected "christ" at 01:04.947 - 01:05.447
2026-08-21 13:04:18 INFO [PROFANITY] Detected "damn" at 01:06.372 - 01:08.977
2026-08-21 13:04:18 INFO [PROFANITY] Detected "jesus" at 01:09.682 - 01:10.414
2026-08-21 13:04:18 INFO [PROFANITY] Detected "god" at 00:03.745 - 00:08.607
2026-08-21 13:04:18 INFO [PROFANITY] Detected "god" at 00:03.745 - 00:08.607
2026-08-21 13:04:18 INFO [PROFANITY] Detected "god" at 00:03.745 - 00:04.180
2026-08-21 13:04:18 INFO [PROFANITY] Detected "god" at 00:03.874 - 00:04.309
2026-08-21 13:04:18 INFO [PROFANITY] Detected "slut" at 01:12.289 - 01:16.129
2026-08-21 13:04:18 INFO [PROFANITY] Detected "slut" at 01:12.289 - 01:16.129
2026-08-21 13:04:18 INFO [PROFANITY] Detected "slut" at 01:12.289 - 01:16.129
2026-08-21 13:04:18 INFO [PROFANITY] Detected "slut" at 01:12.245 - 01:16.084
2026-08-21 13:04:18 INFO [PROFANITY] Detected "slut" at 01:12.245 - 01:16.084
2026-08-21 13:04:18 INFO [PROFANITY] Detected "damn" at 00:02.004 - 00:06.646
2026-08-21 13:04:18 INFO [PROFANITY] Detected "bastard" at 00:01.000 - 00:01.651
2026-08-21 13:04:18 INFO [PROFANITY] Detected "bastard" at 00:01.000 - 00:02.000
2026-08-21 13:04:18 INFO [PROFANITY] Detected "bastard" at 00:01.000 - 00:02.000
2026-08-21 13:04:18 INFO [PROFANITY] Detected "bastard" at 00:01.000 - 00:02.000
2026-08-21 13:04:18 INFO [PROFANITY] Detected "bastard" at 00:01.000 - 00:02.000
2026-08-21 13:04:18 INFO [PROFANITY] Detected "prick" at 00:05.685 - 00:06.219
2026-08-21 13:04:18 INFO [PROFANITY] Detected "prick" at 00:01.219 - 00:01.753
2026-08-21 13:04:18 INFO [PROFANITY] Detected "prick" at 00:01.219 - 00:01.753
2026-08-21 13:04:18 INFO [PROFANITY] Detected "prick" at 00:01.219 - 00:01.753
2026-08-21 13:04:18 INFO [PROFANITY] Detected "prick" at 00:01.219 - 00:01.753
2026-08-21 13:04:18 INFO [PROFANITY] Detected "prick" at 00:01.219 - 00:01.753
2026-08-21 13:04:18 INFO [PROFANITY] Detected "damn" at 00:06.969 - 00:09.957
2026-08-21 13:04:18 INFO [PROFANITY] Detected "cock" at 00:10.457 - 00:11.020
2026-08-21 13:04:18 INFO [PROFANITY] Detected "christ" at 00:11.062 - 00:11.262
2026-08-21 13:04:18 INFO [PROFANITY] Detected "whore" at 00:11.762 - 00:15.741
2026-08-21 13:04:18 INFO [PROFANITY] Detected "damn" at 00:06.969 - 00:09.957
2026-08-21 13:04:18 INFO [PROFANITY] Detected "cock" at 00:10.457 - 00:11.020
2026-08-21 13:04:18 INFO [PROFANITY] Detected "christ" at 00:11.062 - 00:11.262
2026-08-21 13:04:18 INFO [PROFANITY] Detected "whore" at 00:11.762 - 00:15.741
2026-08-21 13:04:18 INFO [PROFANITY] Detected "damn" at 00:06.969 - 00:09.957
2026-08-21 13:04:18 INFO [PROFANITY] Detected "cock" at 00:10.457 - 00:11.020
2026-08-21 13:04:18 INFO [PROFANITY] Detected "christ" at 00:11.062 - 00:11.262
2026-08-21 13:04:18 INFO [PROFANITY] Detected "whore" at 00:11.762 - 00:15.741
2026-08-21 13:04:18 INFO [PROFANITY] Detected "damn" at 00:06.969 - 00:09.957
2026-08-21 13:04:18 INFO [PROFANITY] Detected "christ" at 00:10.457 - 00:11.020
2026-08-21 13:04:18 INFO [PROFANITY] Detected "christ" at 00:11.062 - 00:11.262
2026-08-21 13:04:18 INFO [PROFANITY] Detected "whore" at 00:11.762 - 00:15.741
2026-08-21 13:04:18 INFO [PROFANITY] Detected "damn" at 00:06.969 - 00:09.957
2026-08-21 13:04:18 INFO [PROFANITY] Detected "christ" at 00:10.457 - 00:11.020
2026-08-21 13:04:18 INFO [PROFANITY] Detected "christ" at 00:11.062 - 00:11.262
2026-08-21 13:04:18 INFO [PROFANITY] Detected "whore" at 00:11.762 - 00:15.741
2026-08-21 13:04:18 INFO [PROFANITY] Detected "damn" at 00:06.969 - 00:09.957
2026-08-21 13:04:18 INFO [PROFANITY] Detected "damn" at 00:06.969 - 00:07.350
2026-08-21 13:04:18 INFO [PROFANITY] Detected "shit" at 01:31.523 - 01:33.379
2026-08-21 13:04:18 INFO [PROFANITY] Detected "prick" at 01:33.572 - 01:34.725
2026-08-21 13:04:18 INFO [PROFANITY] Detected "prick" at 01:31.523 - 01:33.379
2026-08-21 13:04:18 INFO [PROFANITY] Detected "prick" at 01:33.572 - 01:34.725
2026-08-21 13:04:18 INFO [PROFANITY] Detected "prick" at 01:31.523 - 01:33.379
2026-08-21 13:04:18 INFO [PROFANITY] Detected "prick" at 01:33.572 - 01:34.725
2026-08-21 13:04:18 INFO [PROFANITY] Detected "prick" at 01:31.523 - 01:33.379
2026-08-21 13:04:18 INFO [PROFANITY] Detected "prick" at 01:33.389 - 01:34.543
2026-08-21 13:04:18 INFO [PROFANITY] Detected "prick" at 01:31.523 - 01:33.379
2026-08-21 13:04:18 INFO [PROFANITY] Detected "prick" at 01:33.389 - 01:34.543
2026-08-21 13:04:18 INFO [PROFANITY] Detected "prick" at 01:31.523 - 01:33.379
2026-08-21 13:04:18 INFO [PROFANITY] Detected "prick" at 01:33.389 - 01:34.543
2026-08-21 13:04:18 INFO [PROFANITY] Detected "prick" at 01:31.523 - 01:33.379
2026-08-21 13:04:18 INFO [PROFANITY] Detected "prick" at 01:33.389 - 01:34.543
2026-08-21 13:04:18 INFO [PROFANITY] Detected "dick" at 00:10.705 - 00:12.648
2026-08-21 13:04:18 INFO [PROFANITY] Detected "bollocks" at 00:13.145 - 00:14.784
2026-08-21 13:04:18 INFO [PROFANITY] Detected "fuck" at 00:14.867 - 00:15.067
2026-08-21 13:04:18 INFO [PROFANITY] Detected "motherfucker" at 00:15.384 - 00:15.910
2026-08-21 13:04:18 INFO [PROFANITY] Detected "dick" at 00:10.705 - 00:12.648
2026-08-21 13:04:18 INFO [PROFANITY] Detected "bollocks" at 00:13.145 - 00:14.784
2026-08-21 13:04:18 INFO [PROFANITY] Detected "fuck" at 00:14.867 - 00:15.067
2026-08-21 13:04:18 INFO [PROFANITY] Detected "motherfucker" at 00:15.384 - 00:15.910
2026-08-21 13:04:18 INFO [PROFANITY] Detected "bitch" at 00:00.000 - 00:02.537
2026-08-21 13:04:18 INFO [PROFANITY] Detected "asshole" at 00:02.986 - 00:07.824
2026-08-21 13:04:18 INFO [PROFANITY] Detected "bollocks" at 00:08.324 - 00:10.028
2026-08-21 13:04:18 INFO [PROFANITY] Detected "dick" at 00:10.705 - 00:12.648
2026-08-21 13:04:18 INFO [PROFANITY] Detected "bollocks" at 00:00.000 - 00:02.537
2026-08-21 13:04:18 INFO [PROFANITY] Detected "asshole" at 00:02.986 - 00:07.824
2026-08-21 13:04:18 INFO [PROFANITY] Detected "bollocks" at 00:08.324 - 00:10.028
2026-08-21 13:04:18 INFO [PROFANITY] Detected "dick" at 00:10.705 - 00:12.648
2026-08-21 13:04:18 INFO [PROFANITY] Detected "bollocks" at 00:00.000 - 00:02.537
2026-08-21 13:04:18 INFO [PROFANITY] Detected "asshole" at 00:02.986 - 00:07.824
2026-08-21 13:04:18 INFO [PROFANITY] Detected "bollocks" at 00:07.834 - 00:09.538
2026-08-21 13:04:18 INFO [PROFANITY] Detected "dick" at 00:10.215 - 00:12.158
2026-08-21 13:04:18 INFO [PROFANITY] Detected "bollocks" at 00:00.000 - 00:02.537
2026-08-21 13:04:18 INFO [PROFANITY] Detected "asshole" at 00:02.986 - 00:07.824
2026-08-21 13:04:18 INFO [PROFANITY] Detected "bollocks" at 00:07.834 - 00:09.538
2026-08-21 13:04:18 INFO [PROFANITY] Detected "dick" at 00:10.215 - 00:12.158
2026-08-21 13:04:18 INFO [PROFANITY] Detected "bollocks" at 00:00.000 - 00:02.537
2026-08-21 13:04:18 INFO [PROFANITY] Detected "asshole" at 00:02.986 - 00:07.824
2026-08-21 13:04:18 INFO [PROFANITY] Detected "bollocks" at 00:07.834 - 00:07.844
2026-08-21 13:04:18 INFO [PROFANITY] Detected "dick" at 00:08.521 - 00:10.465
2026-08-21 13:04:18 INFO [PROFANITY] Detected "asshole" at 00:00.200 - 00:00.210
2026-08-21 13:04:18 INFO [PROFANITY] Detected "shit" at 00:00.282 - 00:01.211
2026-08-21 13:04:18 INFO [PROFANITY] Detected "motherfucker" at 00:02.132 - 00:05.643
2026-08-21 13:04:18 INFO [PROFANITY] Detected "asshole" at 00:06.143 - 00:09.014
2026-08-21 13:04:18 INFO [PROFANITY] Detected "asshole" at 00:00.200 - 00:00.210
2026-08-21 13:04:18 INFO [PROFANITY] Detected "shit" at 00:00.282 - 00:01.211
2026-08-21 13:04:18 INFO [PROFANITY] Detected "motherfucker" at 00:02.132 - 00:05.643
2026-08-21 13:04:18 INFO [PROFANITY] Detected "asshole" at 00:06.143 - 00:09.014
2026-08-21 13:04:18 INFO [PROFANITY] Detected "asshole" at 00:00.200 - 00:00.210
2026-08-21 13:04:18 INFO [PROFANITY] Detected "motherfucker" at 00:00.282 - 00:01.211
2026-08-21 13:04:18 INFO [PROFANITY] Detected "motherfucker" at 00:02.132 - 00:05.643
2026-08-21 13:04:18 INFO [PROFANITY] Detected "asshole" at 00:06.143 - 00:09.014
2026-08-21 13:04:23 WARNING Failed to transcribe region 10.000s - 15.000s: FFmpeg failed to extract region: decode error
2026-08-21 13:04:23 WARNING Failed to transcribe region 20.000s - 25.000s: Corrupt audio segment
2026-08-21 13:04:23 INFO Loading Whisper 'medium' model with CPU backend (faster-whisper)...
2026-08-21 13:04:23 INFO Whisper 'medium' model loaded on CPU backend.
2026-08-21 13:04:23 INFO Loading Whisper 'medium' model with CPU backend (faster-whisper)...
2026-08-21 13:04:23 INFO Whisper 'medium' model loaded on CPU backend.
2026-08-21 13:04:23 WARNING GPU out-of-memory encountered during inference. Falling back to CPU backend (CTranslate2/faster-whisper).
